text,date
japan earthquake nearly missing hope survivors fades bbc news jst,Jan-07
replying aviationbrk,Jan-07
japan earthquakes,Jan-06
replying rawsalerts,Jan-06
informative helpful article founder social innovation japan mymizuco robin lewis helping recent earthquake japan help survivors noto peninsula earthquake japan robintlewis,Jan-06
support disaster relief efforts sea japan earthquake,Jan-06
replying fascnate,Jan-06
days flash flooding saudi arabia major earthquake japan korea fires missiles korea islands jeffrey epstein list waves roaring ca subway trains collide manhattan blackouts increasing israel vs islam alien sightings miami gotjesus,Jan-05
far earthquake japan airplane collides explodes pomu graduates exiting vs,Jan-05
replying tioffoainyll,Jan-05
replying camemusic,Jan-05
prime minister narendramodi writes japanese prime minister fumiokishida following earthquake japan th jan letter private message modi writes deeply anguished concerned learn major earthquake struck japan january express show,Jan-05
number major earthquakes china indonesia iran japan usa turkey india philippines note earthquakes least damages deaths magnitude tsunami according noaa,Jan-05
replying sidhant,Jan-05
prime minister shri narendra modi wrote japanese prime minister fumio kishida following earthquake japan jan deeply anguished concerned learn major earthquake struck japan january express deepest condolence show,Jan-05
prime minister narendramodi wrote japanese prime minister fumio kishida following earthquake japan jan deeply anguished concerned learn major earthquake struck japan january express deepest condolence show,Jan-05
momento exacto del derrumbe de mitsukejima un famoso islote en la prefectura de ishikawa japn durante el terremoto del de enero de japanearthquake kenya,Jan-05
replying spectatorindex,Jan-05
reading crazy epstein list north korea fires south korea airbus crash b bomber crash iowa school shooting mark cubin vs elon musk bitcoin etf possible dogecoin moon japan earthquake top stories,Jan-05
far koreajapan ishikawa earthquake korean opposition leader stabbed north korea moves policy nonreunification jal major fire fukuoka mass stabbing akihabara fire shinjuku nk provocations evacuation yeonpyeong jeez,Jan-05
china speed china power december magnitude earthquake struck gansu province china january magnitude earthquake struck coast noto peninsula japan comparison earthquake relief efforts china japan,Jan-05
start shook japan earthquake crises thoughts people impacted disasters may year dragon bring everyone strength swim clouds winds sky,Jan-05
number major earthquakes china indonesia iran japan usa turkey india philippines note earthquakes least damages deaths magnitude tsunami according noaa,Jan-05
japan news aircraft collision haneda airport noto peninsula earthquake cnn ee january week day,Jan-05
st picnic japan earthquake relief july osaka exhibition nov bangkok devcon side event artgumi residency creative art nft exhibition korea news video face yoga mirror therapy couldnt take screenshot icyberskull time,Jan-04
replying bnonews,Jan-04
four major accidents japan early japanearthquake japanairlines dartsworldchampionship iran njwk,Jan-04
japan started big earthquake airplane accident thoughts go everyone affected pray quick recovery,Jan-04
scenes earthquake hit central japan january,Jan-04
prayforjapan brother pastoring uchinada bible church ishikawa impacted japan earthquake magnitude tsunami devastated area celebrating welcoming new year dozens died hundreds,Jan-04
ape kena ngan japan nii earthquake tsunami aeroplane clash fire days,Jan-04
japan earthquake deadly plane collision train stabbing building fire,Jan-04
japans situation january st noto peninsula earthquake nd japan plane crash rd fire breaks restaurantpacked district kitakyushu rd yamanote line knife attack suspect,Jan-04
scenes earthquake hit central japan january japan japanearthquake,Jan-04
scenes magnitude earthquake hit central japan january japan earthquakejapan newyear,Jan-04
bad start war ukraine continues genocide gaza continues houthi blocked trade route red sea japan earthquake japanese planes collide catch fire political assassinations south korea iran terrorist explosions show,Jan-04
japans situation january st noto peninsula earthquake nd japan plane crash rd fire breaks restaurantpacked district kitakyushu rd yamanote line knife attack suspect,Jan-04
fuckin hell terrible year japan jan st earthquake jan nd plane collision jan rd massive fire railway station,Jan-04
earthquake japan japanearthquake japantsunami,Jan-04
scenes earthquake central japan january earthquakeinjapan hanaelsayyed curieuxexplorer anandnarang shitech enilev khuloodalmani fabriziobustama nevillegaunt ragusosergio travelfoodiestv betamoroney joannmoretti kalydeoo mvollmer,Jan-04
footage devastation caused magnitude earthquake hit km north east anamizu japan january local time earthquake japan japanearthquake japon,Jan-03
replying skynews,Jan-03
highest number major earthquakes china indonesia iran japan united states turkiye india philippines noaa,Jan-03
jal day earthquake nd conflict jal japan coast guard stabbing incident occurred akihabara station rd,Jan-03
new series digital painting ai exchgart rebuild act paintings links thread half beaten come made paintings sitting japan second home land earthquake tsunami two airplanes crashed show,Jan-03
tsunami earthquake japan,Jan-03
x kicked screwing japans earthquake emergency,Jan-03
replying hashpalette,Jan-03
fire erupts kitakyushu city along uomachi gintengai street fukuoka prefecture hard start japan japon japanearthquake japanairlines japantsunami,Jan-03
happy new year japan hit earthquake plane crash please pray affected may wonderful live love laugh happy dance starlight dont let hands go hearts love infinitely newyear,Jan-03
riize japan fanbase union donate supplies noto peninsula earthquake please see image details donate seunghan jps account make donation union,Jan-03
january japan janst big earthquake hit jannd jal aircraft collided japan coast guard aircraft way deliver relief supplies quakestricken areas janrd large fire breaks kitakyushu shopping district,Jan-03
jan earthquakes hit west coasts japan us miles guo reveals ccp fully capable artificially inducing earthquakes precise underwater bombardment inevitably leads people wonder events connected,Jan-03
preliminary teleseismic backprojection images mw japan earthquake january total rupture length spans km km km northeast southwest propagating ruptures,Jan-03
happy new year japan started year challenges due recent earthquake remain hopeful resilient wish everyone year filled peace health happiness year dragon dalle,Jan-03
stay safe japan cannot believe really painful moment beginning goodbye happynewyear manoftheyear earthquake japan tsunami thevoice happynewyear show,Jan-03
replying sentdefender,Jan-03
jan earthquakes hit west coasts japan us miles guo reveals ccp fully capable artificially inducing earthquakes precise underwater bombardment inevitably leads people wonder events connected,Jan-03
preliminary teleseismic backprojection images mw japan earthquake january total rupture length spans km km km northeast southwest propagating ruptures,Jan-03
scenes earthquake hit central japan january,Jan-03
free tesla superchargers open japan devastating earthquakes teslanews tesla superchargers hokuriku area open free help people get around series quakes hit japan january tesla japan informed public free charging show,Jan-03
japan earthquake magnitude dead turkeysyria dead corrupt government builders,Jan-03
holiness th dalai lama offers condolences prayers recent earthquakes japan wednesday january japanearthquake dalailama,Jan-03
brave blossoms head coach eddie jones sends new years message thoughts affected mondays earthquake tsunami west japan japanrugby,Jan-03
earthquake west coast japan january god bless japan let us pray overcome difficulty quickly fix damage caused natural disasters show,Jan-03
response recent earthquakes japan tesla opened superchargers hokuriku area free jan thoughts everyone japan tesla writer,Jan-03
thelordjudgessin lord presented golden opportunity national repentance usa japan january earthquake gods love saying wont allow us wallow sin idol gods establish kingdom earth daniel show,Jan-03
would like express deepest sympathies affected sea japan earthquake pray safety earliest possible restoration peaceful life,Jan-03
first day earthquakes multiple places world united states one really heard japan one worst richter scale today january earthquakes reported show,Jan-03
registro del terremoto en japn de hoy de enero de terremoto japan japon earthquake fyp temblor chile sismo,Jan-03
day beginning major earthquake struck japans noto peninsula many people still forced live evacuation centers area also experiencing heavy snowfall many covid ful cases japan hope spread word let show,Jan-03
first shrine visit new year heian shrine hoping takes turn better rocky start got japan thoughts affected earthquake airline incident,Jan-03
usgs reported january earthquake west coast japan island honshu occurred result shallow reverse faulting earths crust focal mechanism solutions earthquake indicate faulting occurred moderately dipping show,Jan-03
second day far weve earthquake japan us military engaging iranbacked houthi rebels sinking vessels killing soldiers fatal airplane collision japans hanaka airport harvard president show,Jan-03
rupture process jan st magnitude japan earthquake revealed preliminary subevent model derived teleseismic waves first ruptured southwest bilaterally ruptured northeast refined better hypocenter local data available,Jan-03
ive seen forest move similar never concrete japan first day sound makes extra eerie think shared video among shared ive seen japanearthquake japan today,Jan-02
usgs reported january earthquake west coast japan island honshu occurred result shallow reverse faulting earths crust focal mechanism solutions earthquake indicate faulting occurred moderately dipping show,Jan-03
jan earthquakes hit west coasts japan us miles guo reveals ccp fully capable artificially inducing earthquakes precise underwater bombardment inevitably leads people wonder events connected,Jan-02
earthquake tsunami fear st day japanairlines plane crash tokyoairport thank god passengers evacuated time god please japan hanedaairport japan japanearthquake,Jan-02
mitsukejima famous scenic island ishikawa prefecture japan january earthquake weather updates pk jawad memon pakistan doppler,Jan-02
japan sad start first earthquake japan airlines crash amazed everyone plane got safely sad five lives lost japanese coast guard plane hit plane loaded earthquake relief supplies,Jan-02
feeling bad japan earthquake tsunami fear st day japanairlines plane crash tokyoairport thank god passengers evacuated time god please japan japon planecrash hanedaairport earthquakes japanearthquake,Jan-02
great start japan first massive earthquake plane thing haneda okay,Jan-02
replying countdankulatv,Jan-02
thoughts prayers government people japan started loss lives property caused destructive earthquake ishikawaprefecture know careful efficient responses delivered affected areas,Jan-02
japan quakes nuclear plants unaffected series strong earthquakes struck western japan january st triggering tsunami warnings along countrys west coast seven nuclear power plants located affected areas ohi takahama mihama tsuruga shika show,Jan-02
japan already hit one tragedy earthquake one countrys busiest airports battling major fire tokyos haneda airport japan everything know far,Jan-02
thevoice japan japanearthquake qazifaezisa,Jan-02
japan tokyo japanearthquake hanedaairport japanairlines hitandrunlaw truckdriversprotest tokyo,Jan-02
republic union myanmar national unity government nug january national unity government expresses profound sadness upon learning earthquake struck central region japan january potential threat subsequent show,Jan-02
second day second disaster japan flight crashed landed crew evacuated safely please pray japan japan earthquake tsunami tsunami,Jan-02
japan tokyo japanearthquake hanedaairport japanairlines hitandrunlaw truckdriversprotest tokyo,Jan-02
hepco japan operator shika nuclear power plant quakehit ishikawa prefecture says systems supply electricity facility outside sources remain partially unusable noto earthquake go greennewdeal nonukes tech security,Jan-02
january according media reports evening january least people died result powerful new years earthquake occurred western coast japan significant damage inflicted ishikawa prefecture much show,Jan-02
happy new year totalmotorcycle riders praying japanearthquake victims emergency motorcycle griphandlebar falls follow totalmotorcycle happy welcome show,Jan-02
japan earthquake followed airplane accident killed people terrible beginning,Jan-02
someone forwarded altomaple video haneda japan airbus fire inside plane people board evacuated safely killed dash aircraft collided earthquake tsunami plane fire rough japan,Jan-02
continuing israel hamas war airplane crash japan huge earthquake japan south korean opposition leader stabbed russian missile strikes ukraine days,Jan-02
golden sunrise guardians happy first tuesday year dear friends praying friends japan hope affected recent earthquakes sxm caribbean svetan svetanphotography nikon japanearthquake tuesdayvibe tuesdayfeeling tuesdaymotivaton,Jan-02
feeling bad japan earthquake tsunami fear st day japanairlines plane crash tokyoairport thank god passengers evacuated time god please japan planecrash hanedaairport whatsapp madhuridixit asaduddinowaisi,Jan-02
wild start queen denmark resigns japan hit strong earthquake meter high waves hit japan plane fire airport tokyo due collision ground evacuation passengers britain joins usled military campaign show,Jan-02
rough japan first day earthquake second day plane collision,Jan-02
first earthquake plane fire japan isnt starting well im afraid glad one hurt,Jan-02
seeing destruction part japan faced start earthquake tsunami really puts things perspective life short things happen blink eye thoughts affected praying safety everyone,Jan-02
replying mattwallace,Jan-02
really ominous start japan earthquake aeroplane burnt ashes japan extra terrestrial species paying visit florida,Jan-02
let us spare thought people japan starting earthquake although used quakes devastating watching home crumble run life ground opens eyes sadly numbers rising death toll,Jan-02
first day japan earthquake tsunami second day japanese plane fire nephew traveling japan moment,Jan-02
earthquake tsunami yhooo way japan enter,Jan-02
japan needs divine help earthquake tsunami planes colliding sad start,Jan-02
east asia news gods busy early magnitude earthquake central japan south korean opposition leader lee jaemyung stabbed neck japan airlines plane catches fire haneda airport tokyo,Jan-02
first earthquake planes collided tokyo airport great start japan,Jan-02
japan started year massive earthquake tsunami collision upon landed somehow one died events,Jan-02
replying shivaroor,Jan-02
day powerful japan earthquake ethiopia makes groundshaking territorial move eac member japan airlines airbus flames airport collision uganda sues kenya eacj,Jan-02
japan earthquake,Jan-02
started yet lot happening japan lately strong earthquake yesterday japan airlines flight collision japanese coast guard aircraft haneda international airport glad passengers safe,Jan-02
chinese woman married european man earthquake japan early cheered celebrated like many chinese act shocked husband tried explain legitimacy celebration husband even using offensive show,Jan-02
japan awful start earthquakes plane catching fire haneda airport,Jan-02
good morning jags good morning japan first day get hit earthquake second day japan airline plane possible crash news pending,Jan-02
replying aviationbrk,Jan-02
january earthquake january plane fire airport else japans bingo card,Jan-02
lets see first hours japan already experienced earthquake haneda airport fire im starting pretty low expectations year,Jan-02
already oppavoided earthquake since side japan plane fire happened airport took today,Jan-02
thats japan im ready skip ahead like seriously first earthquakes tsunamis planes fire nope elect skip whats scheduled,Jan-02
among crowd floor tokyo metropolitan city building major earthquake hit japan new years day amazing watch resilience crisis management skill people lesson share rest humanity eriitrea,Jan-02
japan earthquake japon truckdriversprotest,Jan-02
weve massive earthquake tsunamis japan south korean opposition leader attacked stabbed neck plane fire within first hours,Jan-02
japan earthquake tsunami,Jan-02
im late replying im sorry qwq started chaotic like wtf big earthquake japan im praying people rn family fine dont live close ishikawaken wanted sure okay,Jan-02
thank kind messages reaching earthquake japan st yes felt big wasnt close nothing damaged outside resulting tsunami warning way ring,Jan-02
footage japans magnitude earthquake january,Jan-02
uranium asx first day trading japan earthquake scared investors,Jan-02
lord struck japan powerful earthquake january lord gave nation time repent prophecy given august sitting web since lord demanding repentance nations thelordjudgessin,Jan-02
coming timesradio breakfast year greatest number elections history get one kates week become highly political plus good bad news cancer japan earthquake latest plastic packaging kids endless holidays etc,Jan-02
january jst mjma mw earthquake struck km northnorthwest suzu located noto peninsula ishikawa prefecture japan largest earthquake country since great east japan earthquake march japanearthquake show,Jan-02
scale destruction noto peninsula emerged buildings still smoldering due fire caused magnitude earthquake hit km north east anamizu japan january local time earthquakejapan japanearthquake japan show,Jan-02
power earthquake magnitude hit japan first day new year trigring tsunami around coastline area buildings collapsed trapping people rubble power communications networks still tens thousands people told show,Jan-02
replying sentdefender,Jan-02
two floods tamil nadu japanearthquake devastating please kind people,Jan-02
japan earthquake via sachkahoon best online hindi news japan earthquake japanearthquake japantsunami tsunami,Jan-02
replying ebrahimnasreen,Jan-02
hot since day one japan earthquake followed tsunami chinas xi jinping threatens seize taiwan year election year pakistan well happynewyear prayforjapan japanearthquake tsunami earthquake,Jan-02
anyone else take earthquake japan gods way saying vigilant christs return see earthquake start coincidence,Jan-02
dnya benim iin aclarla doluzor bir imtihan ylyd te aclar geecek gzyann yerini glmsemelereyalann gereklere acnn mutlulua brakaca bir yl hepimizle olsun yln ilk mesaisi balasn gnaydn sal japon japanearthquake otdirectod,Jan-02
first day headlines los angeles earthquake japan earthquaketsunami skorea opp leader assassination iranhouthis attack us navy largest russian attack inbound ukraine treasury yields go apeshit damn day yikes laugh loud,Jan-02
ishikawa prefecture hit massive earthquake devastating tsunami first day yahoo japan opened donation pool support affected someone lives japan loves japan deeply home affected show,Jan-02
day japan earthquake epstein list release stabbing lee jaemyung start still days go,Jan-02
far get magnitude earthquake japan south koreas opposition leader lee jaemyung gets stabbed neck started,Jan-02
japan incredible country deserves better strongly believe people stand kind challenges best wish everyone japan safe japan photography earthquake blessing safe,Jan-02
day earthquake japan day dpk leader gets stabbed going interesting year asia,Jan-02
replying collinrugg,Jan-02
deadly earthquake rocks japan magnitude quake hours maggierulli latest dozens homes destroyed residents without power,Jan-02
japanese tv station issued earthquake tsunami warning chinese people japan written chinese earthquake hit central japan first day wish people disasterstricken areas safe,Jan-02
earthquake japan neukoelln,Jan-02
tsunami japo chegada primeiro trem de ondas tsunami ao longo rio seki perto de jetsu quase km epicentro violento tremor da manh dia japon japan japanearthquake tsunami terremoto,Jan-02
even whole day earthquake japan happened tsunami alert japan happened im seeing something north kr threatening south kr usa mssiles hello,Jan-02
hope natural serious calamity massive earthquake would leaving asap makes fire earthquake tsunami several people building collapsed tragedy god bless japan,Jan-02
earthquake japan,Jan-02
golpearon sismos en japn japn recibi el con una serie de sismos en la prefectura de ishikawa que provocaron el deceso de cuatro personas japn japan sismo earthquake tsunami,Jan-02
press release update earthquake ishikawa prefecture japan january,Jan-02
tsunami earthquake japan,Jan-02
video new years eve fireworks taipei building taiwan time earthquake places japan hope japanese friends get safely miura haruma,Jan-02
happy new year tsunami earthquake japan,Jan-02
praying people japan earthquake sign come,Jan-02
earthquake japan neukoelln show,Jan-02
earthquake japan,Jan-02
el inici con terremoto en japn desde ue enviamos nuestras oraciones solidaridad al resistente pueblo japons que la recuperacin sea rpida la nacin encuentre fuerzas renovadas prayforjapan japanstrong earthquake tsunami japan,Jan-02
earthquake japan,Jan-02
earthquake japan,Jan-02
tsunami earthquake japan,Jan-02
earthquake japan,Jan-02
compilation footage japans magnitude earthquake january,Jan-02
tsunami earthquake japan brics,Jan-02
tsunami earthquake japan,Jan-02
tsunami earthquake japan,Jan-02
tsunami earthquake japan,Jan-02
quake strikes central japan geology geologypage japan earthquake tsunami japan earthquake earthquake preliminary magnitude richter scale hit northcentral japan monday jan public broadcaster nhk said,Jan-02
ground breaks moves due quake strikes central northcentral japan geology geologypage japan earthquake ground breaks moves due quake strikes central northcentral japan monday jan public broadcaster nhk said,Jan-02
rr wire z january precedence routine rr dtg z jan icod z jan controls public release qqqq bluf earthquakes japan cause widespread damage yemeni attack boats sunk red sea begin tearline international events pacific show,Jan-02
morning guysan gpmix listeners unfortunately terrible start due noto peninsura earthquake hokuriku area japan hope everyones safe interfm guyperryman theguyperrymanmix,Jan-02
japan earthquake update magnitude quake strikes honshu tsunami gen via youtube japan earthquake tsunami,Jan-02
frightening visuals japan suffering massive magnitude earthquake new years eve give us adequate metaphor,Jan-02
tsunami warning japan magnitude earthquake terrible start may allah swt keep everyone safe ameen japan,Jan-02
planned start year positive post looking back instead want wish everyone well living ishikawa noto peninsula experienced powerful magnitude earthquake today japans west coast sad unfortunate start,Jan-02
tsunami earthquake japan,Jan-02
latest footage terrible way start japan earthquake tsunami tsunamiwarning,Jan-02
urgent new years bible prophecy update january endtimes bibleprophecy earthquake japan jesusiscomingsoon jesusislord jesussaves,Jan-02
know japan god choosing start massive earthquake seems bit telling,Jan-02
afternoon january japan shaken strong earthquake seen video dancing wine glasses inside house,Jan-02
tsunami earthquake japan,Jan-02
scorecard first day mass shooting la bad earthquake japan train derailment san francisco punk rock band greenday goes pro establishment,Jan-02
tsunami earthquake japan,Jan-02
mnalbukhaiti tsunami earthquake japan,Jan-02
terremoto en japon efectos del fuerte terremoto que golpeo la costa oeste de japan el da de hoy de enero de sismos en slo minutos earthquake tsunami japan,Jan-02
japan started earthquake powerful japans earthquakes morning magnitude earthquake struck western japan confirms hankes school boys theory history one damn thing another,Jan-02
time near west coast honshu japan magnitude mw depth km latitude n longitude e estimated energy petajoule japanearthquake happynewyear show,Jan-02
tsunami earthquake japan,Jan-02
magnitude earthquake rocks japan first day god bless japanese people trying time natural disasters always tough prepare deal happen,Jan-02
world ending magnitude earthquake hit japan first day,Jan-02
japon earthquake japanearthquake gazagenocide gazalifematters tsunami,Jan-02
aaalkathery tsunami earthquake japan,Jan-02
japan experience many earthquakes answers earthquake japan epsteinclientlist japanearthquake songoftheyear japanearthquake japantsunami xcorpjp japantimes jpnpmo mcdonaldsjapan mcdonaldsjapan,Jan-02
thoughts prayers japan sadly start behave earthquake,Jan-02
earthquakes tsunamis way start bless japan family,Jan-02
going year surely tragedy could possibly happen right away earthquake tsunami japan first fucking day,Jan-01
terrible start japan earthquake images scary,Jan-01
japanearthquake japon,Jan-01
woke see started happy new year far east rode hella scary late imagine scary damaging along many many strong aftershocks feel like thinking japan earthquake,Jan-01
ghastly tragedy new year reichter earthquake japan major aftershocks hearts go grief sympathy friends japan reports tusnamis way high waves bad omen,Jan-01
earthquake japan,Jan-01
japan hit earthquake tsunami first day thoughts prayers go people japanese followers,Jan-01
earthquake happynewyear japan,Jan-01
earthquake japan los angeles first day mmm interesting,Jan-01
earthquake japan california announcing arrival hope everyone ok,Jan-01
gravitas japan jolted magnitude earthquake january st epicentre noto region quake triggered fires building collapses violent shaking trains eyewitness videos captured moment high waves hit japans coast raising fears show,Jan-01
earthquake japan welcome,Jan-01
even full day japan california earthquakes rebuke,Jan-01
collection videos showing magnitude earthquake rocked japan began,Jan-01
massive earthquake japan prayers wishes japanese people japan earthquake,Jan-01
earthquake coast california rancho palos verdes long beach parents felt earthquake earlier japan shaky start,Jan-01
conditions earlier today hokuriku expressway kanazawa ishikawa prefecture magnitude earthquake hit km north east anamizu japan january local time earthquake japan japanearthquake tsunami,Jan-01
st day quite busy minor things want relax seem cannot hope tomorrow better day hear earthquake happen japan hope everyone ok luck good things skyrimse tesv skyrim cute,Jan-01
prayers thoughts people japan hour crisis tragic earthquake potential tsunami anyone would want begin,Jan-01
earthquake coast california rancho palos verdes long beach parents felt earthquake earlier japan shaky start,Jan-01
conditions earlier today hokuriku expressway kanazawa ishikawa prefecture magnitude earthquake hit km north east anamizu japan january local time earthquake japan japanearthquake tsunami,Jan-01
urgentjapan rocked magnitude earthquake year begins within minutes initial earthquake aftershocks recorded according japan meteorological agency japan destruction kanazawa earthquake tsunami,Jan-01
earthquake japan welcome,Jan-01
video witnesses recording tsunami hitting japanese coast earthquake afternoon january japanearthquake earthquake tsunami japan breakingnews,Jan-01
japan earthquake aerial photo shows buildings burning city wajima ishikawa prefecture january major magnitude earthquake struck noto region ishikawa prefecture afternoon,Jan-01
earthquakes california japan kick ok,Jan-01
even year started dramatically earthquakes japan still wanted wish happy new year thank continued support k people following account happy see continues show,Jan-01
jan evening insight sanatan prabhat isros black hole research satellite successfully launched pslvc vehicle placed satellite precisely intended orbit first day earthquake magnitude rocks japan tsunami warning show,Jan-01
effects tisunami japan result tsunami japan houses flooded japan rocked magnitude earthquake year begins japan earthquake tsunami,Jan-01
earthquakes japan california first day,Jan-01
shepherd life gilgit baltistan thalay valley good night earthquake goatndlook epsteinclientlist japan incrediblek newyear newyear goodbye happynewyear newyeareve earthquake,Jan-01
ultimahora japan recibio el con una sucesion de terremotos el ms poderoso que se registro fue de grados generando alertas de tsunami en toda la costa occidental del pas earthquake terremoto japon,Jan-01
gobackmodi tsunami earthquake thegoatndlook sismo devara happynewyear japan pushpatherule vadivelu goat breakingnews,Jan-01
iranian warship alborz enters red sea massive earthquake slams japan bad omen start,Jan-01
earthquake welcome japan,Jan-01
earthquake kicks new year japan land rising sun,Jan-01
conditions earlier today magnitude earthquake hit km north east anamizu japan january tsunami earthquake japanearthquake japan,Jan-01
aj dil bhut udas hai earthquake japan epsteinclientlist pnefc japan songoftheyear welcome newyear,Jan-01
japan earthquake tsunami japan japan,Jan-01
today st jan major earthquake japan magnitude tsunami still people trapped rubble begging help suffering cold fires astar startale started charity fund,Jan-01
first day theres already earthquakes tsunamis wrecking japan destruction distraction,Jan-01
begin massive earthquake japan remember god judges entire people groups sin rebellion nation must call repentance turning back god nation particularly neck deep wickedness sin show,Jan-01
japonyada bu sabah meydana gelen lk depremden grntler japan japan earthquake deprem welcome naci grr vargas josef arda gler,Jan-01
earthquake japan,Jan-01
earthquake japan epsteinclientlist newyear,Jan-01
earthquake occurred pm january depth km located km northeast ishikawa prefecture japan,Jan-01
la region de ishikawa japan recibio el con una sucesion de terremotos el ms poderoso que se registro fue de grados generando alertas de tsunami en toda la costa occidental del pas earthquake terremotojapn,Jan-01
appreciate participation samuelann kzlabe fxhash curated drop community event wishing fruitful year meanwhile powerful earthquake slammed japan volumedao hope many friends safe show,Jan-01
poetry earthquake japan epsteinclientlist pnefc,Jan-01
good monday morning new day new week new month new year cheers starting strong happy mondaymotivation welcome vanilla ice notifications notis green day happy new year mr president japan earthquake nl mvp rolltide,Jan-01
read afp statement tsunami warning magnitude earthquake hitting japan january afpyoucantrust,Jan-01
usgs reported powerful earthquake japan monday happened january utc set tsunami warnings parts japans west coast strongest tremor registered magnitude read usgs,Jan-01
earthquake japan,Jan-01
live vantageonfirstpost palkisu japan earthquake trigger fears tsunami us kills houthis iran sends warship redsea holds indian economy rare admission xijinping chinese economy trouble,Jan-01
waking news earthquake japan hope everyone safe harm far deaths reported may stay way clearly get memo behave,Jan-01
japan rocked magnitude earthquake year begins,Jan-01
replying crazyclipsonly,Jan-01
replying bigcatbite,Jan-01
foi assim que tsunami chegou cidade de suzu provncia de ishikawa japan japo aps forte sismo que ocorreu primeiro dia de earthquake terremoto,Jan-01
japan look damage japan terrible way start japan earthquake tsunami earthquake neukoelln happynewyear latelate newyear,Jan-01
earthquake japan,Jan-01
earthquake japan happened first day strong theres highestlevel tsunami warning chinese media professional im following situation wish people disasterstricken areas japan safe,Jan-01
earthquake japan neukoelln welcome,Jan-01
ultimahora japan recibio el con una sucesion de terremotos el ms poderoso que se registro fue de grados generando alertas de tsunami en toda la costa occidental del pas earthquake terremoto japon,Jan-01
breaking russian president vladimir putin announces brics summit take place kazan october brics russia india china southafrica theashmolly akglg earthquake japan,Jan-01
japan japanearthquake,Jan-01
damage japan endless horrible way start japan earthquake,Jan-01
japanearthquake,Jan-01
earthquake japan welcome,Jan-01
footage earlier today kanazawa ishikawa prefecture magnitude earthquake hit km north east anamizu japan january local time earthquake japan japanearthquake tsunami,Jan-01
terrible situation japan shocking start innum ennalam nadakka potho japan tsunami earthquake,Jan-01
day japan gets hit earthquake tsunami warning similar issued affected region nhk literally put big letters emergency broadcast run guy writes living let tell little something tone setting,Jan-01
fireworks lit skies across world welcome airstrikes marred years earliest hours gaza israel ukraine major earthquake hit japan triggering tsunami warnings,Jan-01
welcome japan earthquake,Jan-01
earthquake japan welcome,Jan-01
latest footage look damage japan terrible way start japan earthquake tsunami tsunamiwarning,Jan-01
today seconds jan israels attacks gaza kill palestinians wound houses collapse railway services suspended massive earthquake hits japan istanbul rally commemorates turkish soldiers killed iraq supports palestinians show,Jan-01
happy new year friends followers also extend prayers positive belief safety japan suffering recent earthquake potential tsunami appears mother earth clearing throat early,Jan-01
japanearthquake newyear,Jan-01
ltima hora makronoticias la region de ishikawa japan recibio el con una sucesion de terremotos el ms poderoso que se registro fue de grados generando alertas de tsunami en toda la costa occidental del pas earthquake terremoto japon,Jan-01
latest footage look damage japan terrible way start japan earthquake tsunami tsunamiwarning,Jan-01
tsunami waves hit japan magnitude earthquake first day sad see many friends lives affected powerful earthquakes ishikawa nearby areas today,Jan-01
un poderoso sismo terremoto ocurrido hoy de enero de en la costa oeste de honshu japn en la escala de richter earthquake japan,Jan-01
january major earthquake tsunami struck japan,Jan-01
year year dragon japan opened major earthquake january pray damage minimal aiart,Jan-01
much great start japan coastal area hit earthquake tsunami warnings let pray people japan,Jan-01
replying collinrugg,Jan-01
newyear earthquake japan,Jan-01
ltima hora la region de ishikawa japan recibio el con una sucesion de terremotos el ms poderoso que se registro fue de grados generando alertas de tsunami en toda la costa occidental del pas earthquake terremoto,Jan-01
breaking news japan hit powerful magnitude earthquake new year begins japan meteorological agency recorded aftershocks within minutes initial earthquake situation may still critical authorities warning show,Jan-01
ahora nuevas imgenes del poderoso sismo terremoto ocurrido hoy de enero de en la costa oeste de honshu japn earthquake japan va gingiraginchan,Jan-01
prayer alert pray people japan magnitude earthquake struck central part country first day tsunami alert issued residents requested evacuate,Jan-01
massive protest held istanbul turkey solidarity gaza demand end israeli genocide civilians gazagenocide freepalenstine earthquake japan tsunami newyear,Jan-01
time post earthquake wrapup begins tragic bang japans monster subduction zone earthquakes exceed large shallow crustal quakes generate even stronger local shaking,Jan-01
happy years earthquake japan japan neukoelln newyear,Jan-01
japan rocked magnitude earthquake year begins within minutes initial earthquake aftershocks recorded according japan meteorological agency unfortunately damage may done japan warning coastal show,Jan-01
earthquake japan,Jan-01
japan january earthquake magnitude shook entire western region japan,Jan-01
earthquake japan,Jan-01
earthquake japan,Jan-01
earthquake japan,Jan-01
interesting started earthquakes tsunami warning japan economic domino collapse begin japan,Jan-01
earthquake tsunami may god save us earthquake japan tsunami tsunamiwarning,Jan-01
look damage japan terrible way start japan earthquake tsunami,Jan-01
km ne anamizu japan earthquake recorded scotland stornoway historical seismicity cross section dist km travel time depth km python raspishake matplotlib citizenscience,Jan-01
damn earthquake tsunami japan shit start life cruel thoughts affected,Jan-01
started earthquake hit japan,Jan-01
already starting horrible major earthquake already japancome,Jan-01
images broadcast japanese television show major fire blazing wajima city engulfed row houses people evacuated cold dark winter night magnitude earthquake hit km north east anamizu japan january local time show,Jan-01
start massive earthquake hit japan much heart wrenching heartedly prayers pakistan goes people japan hope well may allah show mercy ameen babarazam japan earthquake,Jan-01
newyear happynewyear unknown men starting newyear earthquake japanearthquake japan latelate neukoelln songoftheyear terremotojapn narendramodi diwali,Jan-01
happy new year first day japan earthquake buckle,Jan-01
aftermath footage damage caused notosatoyama kaid expressway ishikawa magnitude earthquake hit km north east anamizu japan january local time earthquake japan japanearthquake tsunami,Jan-01
pray year perform umrah hajj say ameen earthquake japan latelate,Jan-01
magnitude earthquake struck noto peninsula ishikawa prefecture japan first day result tsunami high recorded wajima japanearthquake earthquake,Jan-01
january earthquake struck noto peninsula ishikawa prefecture japan causing power water supplies cuts disrupting communication lines damaging houses causing large fire wajima city ishikawa prefecture confirmed information casualties show,Jan-01
latest image quake feed app shows area japan affected earthquake impacts surrounding quakes could worst earthquake event st january,Jan-01
look damage japan terrible way start earthquake japanearthquake japan,Jan-01
dude even day throwing earthquake japan hope everyones okay,Jan-01
japan earthquake jan st,Jan-01
premier jour de lanne premier vnement majeur dans le monde avec un violent sisme de magnitude au centre du japon vers h locales plus de sismes importants et des vagues de plus dun mtre sur les littoraux earthquakejapan earthquake tsunami japan show,Jan-01
aftermath footage kanazawa ishikawa prefecture magnitude earthquake hit km north east anamizu japan january local time earthquake japan japanearthquake tsunami,Jan-01
look damage japan terrible way start earthquake japanearthquake japan,Jan-01
dude even day throwing earthquake japan hope everyones okay,Jan-01
earthquake japan,Jan-01
happy arresteddevelopment brought rockin tokyo billboardlivet please earthquake tsunami hit western japan ad members felt safe prayersforjapan hny hiphop hiphopsaveslives earthquake bulletsinthechamber,Jan-01
happy arresteddevelopment brought rockin tokyo billboardlivet please earthquake tsunami hit western japan ad members felt safe prayersforjapan hny hiphop hiphopsaveslives earthquake bulletsinthechamber,Jan-01
earthquake japan heck way ring yikes,Jan-01
usgs map earthquakes struck japans noto peninsula jan including magnitude temblor usgs says struck suzu city quake japan,Jan-01
japan starting major earthquake tsunami warnings,Jan-01
look damage japan terrible way start tsunami earthquake japan,Jan-01
ok big earthquake japan update received us strong earthquake tokyo fine warnings tsunami coast trauma massive one lived mexico brings memories thanks everyone reaching,Jan-01
magnitude horrific earthquake dozens aftershocks japan st january good start new year,Jan-01
today major earthquake tsunami hit japan unfortunate first day year many thanks concern world,Jan-01
replying gunsnrosesgirl,Jan-01
major magnitude earthquake occured japaneverything shaking japan look damage japan terrible way start tsunami warning also issued japan japan japon earthquake japan tsunami warning deprem sismo,Jan-01
major magnitude earthquake occurred japaneverything shaking japan look damage japan terrible way start tsunami warning also issued earthquake japan tsunami warning deprem sismo,Jan-01
hit japan already hit earthquake tsunami really sad really expecting first day like may allah protect us,Jan-01
earthquake anamizu japan utc usgs struck km kakioka magnetometer station kak two precursors quiet h mwarn h quiet h mwarn h energy moonearthsaturn passed hours quake,Jan-01
already good start magnitude earthquake tsunami alert japans west coast,Jan-01
end time news japan tsunami arrived city suzu ishikawa prefecture strong earthquake hit country first day,Jan-01
first major disaster japan hit massive earthquake evacuations orders tsunami warnings issued earthquake japan tsunami,Jan-01
massive destruction japan due massive earthquake first day japan earthquake tsunami,Jan-01
breaking news st day year japan hit massive earthquake evacuations orders tsunami warnings issued earthquake japan tsunami,Jan-01
pray okay massive earthquake jolts japan first day triggering tsunami alerts,Jan-01
footage magnitude earthquake shaking kanazawa station ishikawa japan,Jan-01
started barrage rockets hamas civilians barrage drones russia civilians sets launched midnight bastards plus deadly earthquake tsunami japan thoughts happy new year eh,Jan-01
japan monday st jan japan hit massive tsunami warnings issued earthquake tsunami neukoelln,Jan-01
belle et heureuse anne tous mes meilleures voeux pour cette nouvelle anne et une grande pense pour les japonais en ce er janvier happynewyear japanearthquake,Jan-01
watch people panic extremely horrified massive shakings due strong earthquake japan first day new year,Jan-01
people streets japan issued levels tsunami warnings residents different states sad start new year tsunami earthquake japan,Jan-01
japan situation looks terrifying sad story early japan hope everyone safe ishikawa earthquake tsunami,Jan-01
people streets japan issued levels tsunami warnings residents different states sad start new year tsunami earthquake welcome happynewyear japan warning deprem sismo neukoelln,Jan-01
breakingnews another normal day delhi metro happy new year like tsunami earthquake japan dunkiweekend unknown men ishikawa happy,Jan-01
japan earthquake hits magnitude high waves coastal regions tsunmai warning japan modhal sambavam prayforjapan,Jan-01
massive destruction japan due massive earthquake first day jhootadasti tsunami ishikawa,Jan-01
pictures collapsed structures cracked roads appear following massive magnitude earthquake hit central japan first day photos ap reuters,Jan-01
great start far area safe hope everyone ok quickly recover much possible please refer nhkworldnews coverage english direct message need help understanding alert earthquake japan tsunami,Jan-01
scary visuals magnitude earthquake hit japan today sad start happy new year earthquake tsunami japan ishikawa,Jan-01
geldi de ne oldu buyrun ok korkun dilerim buralara gelmez bir daha yaamayz gnleri earthquake japan tsunami,Jan-01
new year japan begins major magnitude earthquake shook ishikawa prefecture tsunami warning place deprem sismo earthquake tsunami suzu,Jan-01
great start far area safe hope everyone ok quickly recover much possible please refer nhkworldnews coverage english direct message need help understanding alert earthquake japan tsunami,Jan-01
scary visuals magnitude earthquake hit japan today sad start happy new year earthquake tsunami japan ishikawa,Jan-01
evacuations orders tsunami warnings issued first day pray japan jhootadasti earthquake tsunami ishikawa,Jan-01
footage train station magnitude earthquake hit km north east anamizu japan january local time earthquake japan japanearthquake tsunami,Jan-01
tomori massive earthquake tsunami struck japan st jan feeling overwhelmed emotions push take mental break kay please find reliable news sources take action calmed stay safe,Jan-01
strong magnitude earthquake hits japan first day,Jan-01
xpromo happynewyear earthquake japan timesquare,Jan-01
situation right japan japan japan earthquake,Jan-01
japan russia issue tsunami warning massive earthquake hits central japan evacuation orders issued coastal prefectures ishikawa niigata toyama welcome,Jan-01
fire broke wajima ishikawa prefecture magnitude earthquake hit km north east anamizu japan january local time earthquake japan japanearthquake tsunami,Jan-01
happy new year lets hope pawtastic stay healthy hedgewatching get plenty treats lets hope people japan furry friendscan stay safe earthquake hedgewatch happynewyear catsontwitter japanearthquake,Jan-01
even hours major earthquake japan ok,Jan-01
first day newyear worrying news tsunami alert right magnitude earthquake japan lets hope isnt sign another turbulent year stay safe,Jan-01
update due recent earthquake japan discussion various parties currently happening regarding holding kpop masterz x kross vol scheduled take place january sending prayers everyone affected please stay safe,Jan-01
really shocking know ist day japan facing magnitude earthquake tsunami warning time mahadev bless japan,Jan-01
replying kawataruj,Jan-01
seismic alert suzu west coast japan january utc mw following preliminary information available earthquake latlong north east depth km magnitude mw locality west coast japan km north suzu,Jan-01
massive tsunami rips japan powerful magnitude earthquakes barely even started yet,Jan-01
major magnitude earthquake occurred japan earthquake japan jan japan earthquake earthquake japan japan earthquake video earthquakevideo japan earthquake japanearthquake,Jan-01
powerful earthquake hits japan first day tsunami warning issued,Jan-01
japan exciting start earthquake followed tsunami alert things seem calming mandelbrot tsunami wave midjourney,Jan-01
updated shaking intensity map earthquake west coast japan max values viii severe moderateheavy damage possible japanearthquake,Jan-01
japan earthquake,Jan-01
breaking japan russia issue tsunami warning massive earthquake hits centre japan welcome,Jan-01
breaking massive tsunami rips japan powerful magnitude earthquake wow barely begun pray people japan earthquake japan,Jan-01
nuevas imgenes del poderoso sismo terremoto ocurrido hoy de enero de en la costa oeste de honshu japn earthquake japan va gingiraginchan,Jan-01
starting japan massive earthquake hope everyones ok,Jan-01
events starting mass shooting mass chaos los angeles ca many victims reported major earthquake tsunami western japan start,Jan-01
strong magnitude earthquake hits kanazawa station japan japan earthquake earthquakes,Jan-01
preliminary earthquake near west coast honshu japan utc ago depth km,Jan-01
massive earthquake jolts japan first day triggering tsunami alerts,Jan-01
waking japan new years day snowing maybe better japan earthquake multiple aftershocks,Jan-01
first day got news regarding earthquake tsunami warning japan right please take care stay safe prayers always friends,Jan-01
replying kawataruj,Jan-01
video footage aftermath terrible earthquake shopping mall komatsu ishikawa japan video picpic cypcyp telegram join,Jan-01
breaking massive earthquake jolts japan first day triggering tsunami alerts,Jan-01
starts earthquake tsunami waves japan need tell unfold going forward built withstand level quakes none countries remain mother earth throws richter scale earthquakes,Jan-01
replying kawataruj,Jan-01
video footage aftermath terrible earthquake shopping mall komatsu ishikawa japan video picpic cypcyp telegram join,Jan-01
big breaking massively alarming could far reaching consequences japan going bit tsunami first day newyear newyear earthquake,Jan-01
breakingnews major magnitude earthquake occurred japan everything shaking japan tsunami warning also issued starting happynewyear good welcome neukoelln,Jan-01
imagine wake first morning tsunami ready welcome welcome japan tsunami earthquake,Jan-01
new year parts japan welcomed earthquake magnitude hmmm pray japan,Jan-01
look damage japan terrible way start japan earthquake tsunami,Jan-01
happy new year content pray things stay always importantly prayer japan earthquake today newyear,Jan-01
video footage moment magnitude earthquake hit km north east anamizu japan january local time earthquake japan gempajepang japanearthquake tsunami terremotodejapn,Jan-01
strong earthquake struck japan coast morning january waves high seen ishikawa coast tsunami feared affect western japanpray japan may god protect people japan amen japan earthquake,Jan-01
terrible way start major magnitude earthquake occurred japan tsunami,Jan-01
heavy damage aftermath strong magnitude earthquake hit noto peninsula japan telegram join,Jan-01
aftermath footage magnitude earthquake hit km north east anamizu japan january local time earthquake japan japanearthquake tsunami,Jan-01
japan january earthquakes tsunami one half meters high hit west coast japan road destroyed earthquake ishikawa prefecture save planet responsibility everyones responsibility still chance,Jan-01
replying gunsnrosesgirl,Jan-01
hey guys happy new year lot things id like post keep hold japan hit earthquake im going keep eye situation friends japan please show love support,Jan-01
breaking news earthquake hits japan everything shaking hard believe start,Jan-01
footage local shinkansen station ishikawa prefecture magnitude earthquake hit km north east anamizu japan january local time earthquake japan japanearthquake tsunami,Jan-01
look damage japan terrible way start japan earthquake tsunami,Jan-01
massive earthquake struck japan great start woke earlier dropped vase burst tears wondered wrong perhaps something ether contacting friends japan waiting responses far good,Jan-01
breaking news earthquake hits japan everything shaking hard believe start,Jan-01
footage local shinkansen station ishikawa prefecture magnitude earthquake hit km north east anamizu japan january local time earthquake japan japanearthquake tsunami,Jan-01
leap japan earthquake tsunami,Jan-01
minimum continued genocide palestinians ongoing pandemic severe earthquake impending tsunami japan already shit,Jan-01
japan hit massive earthquake bullet trains metros buildings recorded shaking day,Jan-01
starts looks soo scary threatening heard tsunami warnings given japanearthquake earthquake,Jan-01
tsunami warning centre essoincois hyderabad detected earthquake january ist near west coast honshu japan tsunami threat india details tummalasrini ravimoes kirenrijiju moesgoi rijijuoffice,Jan-01
moment strong earthquake noto ishikawa japan telegram join,Jan-01
current conditions magnitude earthquake hit km north east anamizu japan january local time earthquake japan japanearthquake tsunami,Jan-01
tsunami warning issued japan earthquake welcome,Jan-01
strong magnitude earthquake hits kanazawa station japan video gingiraginchanx,Jan-01
footage local train station moment magnitude earthquake hit km north east anamizu japan january local time earthquake japan japanearthquake tsunamiwarning weather updates pk jawad memon pakistan doppler,Jan-01
footage inside local store magnitude earthquake hit km north east anamizu japan january local time earthquake japan japanearthquake tsunami,Jan-01
breaking ishikawa prefecture region japan rings new year magnitude earthquake causing hazardous tsunamis western coast pray japan,Jan-01
oh magnitude earthquake hitting japan instant began expecting tsunami could flawlessly engulf houses please stay safe,Jan-01
strong magnitude earthquake hits kanazawa station japan video gingiraginchanx telegram join,Jan-01
st natural calamity japanese meteorological agency says powerful magnitude earthquake struck ishikawa prefecture japan tsunamiwarning issued tsunami waves closer coast huge damages reported prayers japan earthquake happynewyear,Jan-01
aftermath footage magnitude earthquake hit km north east anamizu japan january local time earthquake japan japanearthquake tsunami,Jan-01
know begun la worried japan earthquake unprecedented magnitude resulting tsunami warning issued japan stay safe,Jan-01
reported earthquake hits japan first day thoughts go everyone affected nhk,Jan-01
footage local train station moment magnitude earthquake hit km north east anamizu japan january local time earthquake japan japanearthquake tsunami,Jan-01
earthquake japan tsunami,Jan-01
aftermath footage magnitude earthquake hit km north east anamizu japan january local time earthquake japan japanearthquake tsunami,Jan-01
really bad shocked see st day year japan tsunami earthquake,Jan-01
exactly region implications faultvalve behavior immediate aftershocks following mj earthquake beneath noto peninsula central japan kato geophysical research letters wiley online library,Jan-01
newyear starts earthquake magnitude japan praying safety lives,Jan-01
start best ways japan preliminary earthquake hit central japan triggering tsunami warning advisories residents evacuate clip one hour ago nhk,Jan-01
ultima hora lamentable olas de tsunami se registran lo largo de la costa del oeste de japn tras el terremoto de hoy de enero se insta la gente evacuar earthquake japan va bnonews,Jan-01
spent first minutes rting major earthquake japan expected tsunami,Jan-01
footage effects magnitude earthquake hit km north east anamizu japan january local time earthquake japan japanearthquake tsunami,Jan-01
japan earthquake earthquakes reported tsunamis japan allegedly km epicentre going without doubt craziest human history part reason globalist lunatics engaged mass weather manipulation show,Jan-01
ultima hora lamentable olas de tsunami se registran lo largo de la costa del oeste de japn tras el amici terremoto de hoy de enero se insta la gente evacuar earthquake japan va bnonews,Jan-01
footage magnitude earthquake hit km north east anamizu japan january local time earthquake japan japanearthquake tsunami hab,Jan-01
japan earthquake tsunami fresh welcome,Jan-01
japan tsunami warning earthquake,Jan-01
horrible visuals japan started earthquake hits japan triggering tsunami japan tsunami warning deprem sismo earthquake,Jan-01
footage magnitude earthquake hit km north east anamizu japan january local time earthquake japan japanearthquake tsunami,Jan-01
earthquake preliminary magnitude occurred near west coast honshu japan utc monday jan based preliminary earthquake parameters hazardous tsunami waves possible coasts located within km earthquake epicenter,Jan-01
conditions western coast japan tsunami warning issued earlier magnitude earthquake hit km north east anamizu japan january local time earthquake japan japanearthquake tsunami,Jan-01
first major earthquake occurred japan magnitude aftershock event also recorded raspishake fiji event poses threat fiji,Jan-01
preliminary earthquake near west coast honshu japan utc ago depth km,Jan-01
hope everyone safe stay safe earthquake tsunami warning japan earthquake tsunami staysafe staystrong,Jan-01
tsunami alert earthquakesterremotos km ne anamizu japan utcn e km depth km ssw anamizu japan utcn e km depth km ne anamizu japan show,Jan-01
earthquake sequence japanearthquake appears event minutes quake magnitude aftershock among largest far,Jan-01
aviso fuerte sismo en la costa w de honshu japn terremoto prof km epicentro km al ne de anamizu japan enero utc alerta preventiva de tsunami earthquake noticia en desarrollo,Jan-01
earthquake japan upgraded immediate evacuation orders already read theyre checking nuclear power plants ffs,Jan-01
shaking intensity map preliminary magnitude earthquake along west coast japan japanearthquake,Jan-01
son dakika n ilk byk deprem japonyanin ishikawa blgesinde yarm saat nce byklnde ok iddetli deprem meydana geldi dk sonra byklnde bir art ok oldu deprem kanazawa toyama gibi youn nfuslu ehirlere yakn earthquake japan,Jan-01
first day japan already hit earthquake bracing shaky building interesting hearing japanese evac alert sound live sureal everyone inland fine tho,Jan-01
tsunami threat marianas private message chst january st earthquake west coast japan detected based available info threat marianas micronesia listen local officals latest info,Jan-01
big earthquake japan everyone please safe start,Jan-01
translation english everyone tsunami coming big tsunami coming please run away immediatelyremember great east japan earthquake everyone tsunami coming big tsunami coming please run away immediately playing first day,Jan-01
japan tsunami warning zones preliminary magnitude earthquake japanearthquake,Jan-01
japan started year magnitude earthquake ishikawa prefecture felt way tokyo hope everyone okay made new year card yesterday jest really feels like godzilla woke year dragon godzilla earthquake,Jan-01
powerful earthquake struck japan first day,Jan-01
told going get rampant hours japan smashed welcome ringoffire earthquake earthquakes,Jan-01
earthquake sea japan side tsunami alert issued good start,Jan-01
preliminary magnitude updating per usgs japanearthquake,Jan-01
started magnitude earthquake hit japan grandma texted shes alright safe tsunami like huh,Jan-01
earthquake magnitude occurred ist lat long depth km location near west coast japan information download bhookamp app kirenrijiju ravimoes drmishra ndmaindia indiametdept,Jan-01
even hours japan gets hit earthquake potential tsunami andor godzilla attack buckle edit,Jan-01
magnitude earthquake hits western japan noto ishikawa prefecture jst jan,Jan-01
preliminary magnitude earthquake occurred along west coast japan per nwsptwc threat us west coast stay tuned updates japanearthquake,Jan-01
well first earthquake japan eq tsunami warning effect earthquake,Jan-01
earthquake km ne anamizu japan depth km utc via eqtw,Jan-01
earthquake japanese shindo scale ishikawa pref noto region jst january tsunami warning issued earthquake ishikawa niigata toyama japan,Jan-01
region near west coast honshu japan mag utc lat lon dep km info updates felt earthquake go,Jan-01
preliminary earthquake near west coast honshu japan utc ago depth km,Jan-01
strong mag earthquake near west coast honshu japan monday jan private message gmt share experience information,Jan-01
irdaaogsn near west coast honshu japan mwmwp event yet reviewed seismologist subsequent updates details please see earthquake seisme terremoto,Jan-01
