text,date,category
rt presstv update death toll irans quake rises earthquake,13_11_2017,injured_or_dead_people
rt cafod pray affected earthquake iraq iran,13_11_2017,not_humanitarian
rt reutersworld death toll reaches iran earthquake isna news agency,13_11_2017,injured_or_dead_people
rt laylaalhussein magnitude earthquake struck northern iraq erbil iraq november iraq,13_11_2017,other_relevant_information
rt laylaalhussein magnitude earthquake struck northern iraq erbil iraq november iraq,13_11_2017,other_relevant_information
rt laylaalhussein magnitude earthquake struck northern iraq erbil iraq november iraq,13_11_2017,other_relevant_information
rt laylaalhussein magnitude earthquake struck northern iraq erbil iraq november iraq,13_11_2017,other_relevant_information
video magnitude earthquake jolts iraniraq border area structural damage reported,13_11_2017,other_relevant_information
breaking iran earthquake toll rises dead injured says official,13_11_2017,injured_or_dead_people
rt rtcom iraniraq border earthquake latest least killed injured,13_11_2017,injured_or_dead_people
wsj earthquake near iraniraq border kills,13_11_2017,injured_or_dead_people
rt huffpost hundreds dead powerful earthquake hits border iran iraq,13_11_2017,injured_or_dead_people
turkey rushes help iraq earthquake victims,13_11_2017,rescue_volunteering_or_donation_effort
breaking death toll iraniraq earthquake reportedly climbs,13_11_2017,injured_or_dead_people
strong earthquake hits iraq iran killing least worldnews news,13_11_2017,injured_or_dead_people
officials raise death count least earthquake rocks northern iraq,13_11_2017,injured_or_dead_people
news least people killed iran iraq powerful magnitude earthquake hit region,13_11_2017,injured_or_dead_people
think event earthquake occurred iran mon nov cdt,13_11_2017,other_relevant_information
iraniraq earthquake people dead devastating quake border region,13_11_2017,injured_or_dead_people
rt khaleejtimes earthquake iraniraq border tremors felt uae,13_11_2017,other_relevant_information
iraq strong earthquake hits iraqiran border area six killed iran humanitarian newzealand auckland,13_11_2017,injured_or_dead_people
wall street journal iraniraq earthquake kills least de,13_11_2017,injured_or_dead_people
strong earthquake strikes iraq unitedstates iran,13_11_2017,other_relevant_information
heart attack waiting hear back dad najaf iraq earthquake alhamdulillah,13_11_2017,not_humanitarian
killed iraniraqi earthquake,13_11_2017,injured_or_dead_people
rt ahmadiyyatimes baghdad powerful earthquake iraniraq border kills people please rt,13_11_2017,injured_or_dead_people
least people dead iraniraq earthquake iraniraq news,13_11_2017,injured_or_dead_people
live deadly earthquake hits iraq amp iran aftermath footage iraqi sulaymaniyah,13_11_2017,infrastructure_and_utility_damage
collective hearts heavy sympathy iran earthquake kermanshah sarpolzahab,13_11_2017,other_relevant_information
magnitude earthquake hits iraniraq many killed thousands injured,13_11_2017,injured_or_dead_people
earthquake magnitude km sulaymaniyah iraq,13_11_2017,other_relevant_information
earthquake killed wounded thousands kurdish region iran amp iraq bbcnews,13_11_2017,injured_or_dead_people
earthquake killed wounded thousands kurdish region iran amp iraq bbcnews,13_11_2017,injured_or_dead_people
earthquake killed wounded thousands kurdish region iran amp iraq bbcnews,13_11_2017,injured_or_dead_people
earthquake killed wounded thousands kurdish region iran amp iraq bbcnews,13_11_2017,injured_or_dead_people
iraniraq border earthquake death toll tops officials say,13_11_2017,injured_or_dead_people
new earthquake e km e kifri iraq temblor sismo usgs alert,13_11_2017,not_humanitarian
pakistan condoles iran iraq devastating earthquake,13_11_2017,other_relevant_information
rt imranbird earthquake kuwait everyone standing outside,13_11_2017,other_relevant_information
heartbreaking earthquake border iran amp iraq rip f earthquake photo rudaw,13_11_2017,other_relevant_information
heartbreaking earthquake border iran amp iraq rip f earthquake photo rudaw,13_11_2017,other_relevant_information
heartbreaking earthquake border iran amp iraq rip f earthquake photo rudaw,13_11_2017,other_relevant_information
atleast dead thousands injured magnitude earthquake hits northern border region,13_11_2017,injured_or_dead_people
earthquake kills least iran government says,13_11_2017,injured_or_dead_people
rt akifinam press release mfaturkey regarding earthquake iraq halabja sulaimani,13_11_2017,other_relevant_information
rt leesaks iraq iran earthquake major oil fields map damages reported yet oott,13_11_2017,other_relevant_information
st turkish earthquake emergency plane landed sulaymaniyah iraq,13_11_2017,rescue_volunteering_or_donation_effort
rt rudawenglish material damages captured rudaw englishs managing editor osamagolpy halabja earthquake,13_11_2017,infrastructure_and_utility_damage
rt timesofisrael israel rattled magnitude earthquake strikes northeast iraq,13_11_2017,other_relevant_information
irans army deployed region help relief forces find trapped earthquake victims iranearthquake,13_11_2017,rescue_volunteering_or_donation_effort
commanders irgc irans army visit earthquake areas western iran,13_11_2017,not_humanitarian
iraq earthquake caught camera live tv interview video,13_11_2017,other_relevant_information
earthquake hits iraq near border iran several killed countries,13_11_2017,injured_or_dead_people
remarkable accurate figures loss life iraniraq earthquake,13_11_2017,injured_or_dead_people
iraqiran earthquake bhuj haiti deadliest quakes century worldnews,13_11_2017,other_relevant_information
rt tomhall breaking giant earthquake hits iraq e sundaymorning,13_11_2017,not_humanitarian
rt tomhall breaking giant earthquake hits iraq e sundaymorning,13_11_2017,not_humanitarian
rt tomhall breaking giant earthquake hits iraq e sundaymorning,13_11_2017,not_humanitarian
rt trutawar photos earthquake kurdistan photos belong kurdistan iran cities villages,13_11_2017,other_relevant_information
rt trutawar photos earthquake kurdistan photos belong kurdistan iran cities villages,13_11_2017,other_relevant_information
rt trutawar photos earthquake kurdistan photos belong kurdistan iran cities villages,13_11_2017,other_relevant_information
rt trutawar photos earthquake kurdistan photos belong kurdistan iran cities villages,13_11_2017,other_relevant_information
kyrgyzstanis among victims earthquake iran,13_11_2017,injured_or_dead_people
rt presstv dozens rushed hospitals kermanshah strong earthquake hit western iran,13_11_2017,affected_individuals
rt presstv pictures aftermath earthquake struck iraniraq border,13_11_2017,other_relevant_information
rt presstv pictures aftermath earthquake struck iraniraq border,13_11_2017,other_relevant_information
rt presstv pictures aftermath earthquake struck iraniraq border,13_11_2017,other_relevant_information
rt presstv pictures aftermath earthquake struck iraniraq border,13_11_2017,other_relevant_information
moment deadly earthquake rocked iraq amp iran caught video,13_11_2017,other_relevant_information
rt ssilvia shaking middle east also dubai earthquake iran iraq,13_11_2017,other_relevant_information
powerful earthquake rocks iraq iran leaving dead,13_11_2017,injured_or_dead_people
aftermath earthquake iran iraq photos video breakingnews,13_11_2017,other_relevant_information
iran earthquake damage video horror aftermath fears grow iraq deadly quake,13_11_2017,infrastructure_and_utility_damage
bahraini citizens iraq safe bahrain iraq earthquake,13_11_2017,other_relevant_information
prayer thought families earthquake victims iran kermanshah sarpolzahab,13_11_2017,other_relevant_information
azerbaijan offers assistance iran earthquake iranian envoy,13_11_2017,rescue_volunteering_or_donation_effort
blood donation lines tehran help earthquake survivors west iran,13_11_2017,rescue_volunteering_or_donation_effort
blood donation lines tehran help earthquake survivors west iran,13_11_2017,rescue_volunteering_or_donation_effort
blood donation lines tehran help earthquake survivors west iran,13_11_2017,rescue_volunteering_or_donation_effort
blood donation lines tehran help earthquake survivors west iran,13_11_2017,rescue_volunteering_or_donation_effort
turkey stand earthquake victims northern iraq private message,13_11_2017,affected_individuals
putin expressed condolences president iran earthquake russia,13_11_2017,other_relevant_information
iraniraq earthquake deadly tremor hits border region bbc news playback unsupport,13_11_2017,other_relevant_information
irans president hassanrouhani visit kermanshah efected sunday night earthquake tuesday morning,13_11_2017,other_relevant_information
irans president hassanrouhani visit kermanshah efected sunday night earthquake tuesday morning,13_11_2017,other_relevant_information
rt aladyinkuwait dos donts earthquake kuwait,13_11_2017,other_relevant_information
rt meteorologo urgentflash huge earthquake iraq iran preliminary magnitude,13_11_2017,other_relevant_information
breakingnews death toll magnitude earthquake iran iraq border stands kurdistan,13_11_2017,injured_or_dead_people
powerful earthquake hits iraniraq devastating pictures,13_11_2017,other_relevant_information
tv channel live air iraqiran earthquake bbc news newinvids,13_11_2017,other_relevant_information
finally death toll shoots iraniraq earthquake gets media attention,13_11_2017,injured_or_dead_people
israelis report feeling iran earthquake local injuries damage,13_11_2017,other_relevant_information
chairman ppp bbhuttozardari expressed concern human loss iran earthquake,13_11_2017,injured_or_dead_people
richter earthquake iran specially kermanshah province condolences iranian people god help ddff,13_11_2017,other_relevant_information
richter earthquake iran specially kermanshah province condolences iranian people god help ddff,13_11_2017,other_relevant_information
richter earthquake iran specially kermanshah province condolences iranian people god help ddff,13_11_2017,other_relevant_information
rt voanews deadly earthquake strikes iraniraq border,13_11_2017,other_relevant_information
trying find info us troops amp personnel operating inaround iraniraq earthquake region nothing far f,13_11_2017,other_relevant_information
algeria iraniraq earthquake happened,13_11_2017,other_relevant_information
resettlment people sports fields kermanshah regard earthquake west iran,13_11_2017,other_relevant_information
iraniraq border earthquake live updates death toll crosses tisnews click link,13_11_2017,injured_or_dead_people
rt thenewyorkblvd earthquake magnitude struck halabjah iraq prayforiraq,13_11_2017,other_relevant_information
iran initial reports least dead injured earthquake,13_11_2017,injured_or_dead_people
offer sincere condolences iran earthquake destruction condolences prayforiran prayforiran,13_11_2017,other_relevant_information
please accept heartfelt sympathy passing dears earthquakekermanshahiran,13_11_2017,other_relevant_information
updated people die earthquake iran iraq,13_11_2017,injured_or_dead_people
iraniraq border earthquake people died mavelworld,13_11_2017,injured_or_dead_people
earthquake iran killed wounded,13_11_2017,injured_or_dead_people
donald trump iran earthquake nfl monday briefing chris stanford via nyt,13_11_2017,other_relevant_information
pics iran person killed amp injured earthquake yesterday,13_11_2017,injured_or_dead_people
pics iran person killed amp injured earthquake yesterday,13_11_2017,injured_or_dead_people
pics iran person killed amp injured earthquake yesterday,13_11_2017,injured_or_dead_people
follow donald trump iran earthquake nfl monday briefing followforfollow,13_11_2017,other_relevant_information
tragedyearthquake iran,13_11_2017,other_relevant_information
iraniraq earthquake know,13_11_2017,other_relevant_information
iraniraq earthquake know,13_11_2017,other_relevant_information
photos powerful iraniraq earthquake kills hundreds,13_11_2017,injured_or_dead_people
interesting coincidence earthquake took place exactly artificial manmade border iraq iran,13_11_2017,other_relevant_information
news via foxnews massive earthquake leaves dead iraqiran,13_11_2017,injured_or_dead_people
earthquake iraq iran border live updates death toll injured updates live,13_11_2017,injured_or_dead_people
sunday evening earthquake west iran many people lost lives,13_11_2017,injured_or_dead_people
queue blooddonation destructive earthquake iran sympathy,13_11_2017,rescue_volunteering_or_donation_effort
rt fintribune magnitude earthquake strikes irans kermanshah province,13_11_2017,other_relevant_information
magnitude earthquake dkt iraqiran border hope everything fine,13_11_2017,other_relevant_information
seismograms yesterdays earthquake iran iraq border bgsseismology,13_11_2017,other_relevant_information
earthquake rocks border area iraq iran usnews usrc,13_11_2017,other_relevant_information
people tragic ways show sympathy victims iran iraq border earthquake,13_11_2017,not_humanitarian
people tragic ways show sympathy victims iran iraq border earthquake,13_11_2017,not_humanitarian
people tragic ways show sympathy victims iran iraq border earthquake,13_11_2017,not_humanitarian
people tragic ways show sympathy victims iran iraq border earthquake,13_11_2017,not_humanitarian
news via foxnews iraniraq earthquake kills hundreds officials say,13_11_2017,injured_or_dead_people
pictures earthquake iraniraq border kermanshah shows different damages,13_11_2017,other_relevant_information
pictures earthquake iraniraq border kermanshah shows different damages,13_11_2017,other_relevant_information
pictures earthquake iraniraq border kermanshah shows different damages,13_11_2017,other_relevant_information
pictures earthquake iraniraq border kermanshah shows different damages,13_11_2017,other_relevant_information
iran iraq earthquake pictures show devastating damage villages cut landslides locus,13_11_2017,infrastructure_and_utility_damage
magnitude earthquake kills hundreds middle east,13_11_2017,injured_or_dead_people
iraniraq earthquake kills whole bunch officers say,13_11_2017,injured_or_dead_people
rt climaterealists breaking coronal hole update major earthquake hits iraq follow,13_11_2017,other_relevant_information
killed powerful quake iraniraq border,13_11_2017,injured_or_dead_people
disgusting top comments fox news post iran earthquake killed people,13_11_2017,injured_or_dead_people
iraniraq earthquake hundreds killed border region hit worldnews,13_11_2017,injured_or_dead_people
rt iran leaders message western iranearthquake iran khamenei,13_11_2017,not_humanitarian
real followthewhiterabbit,13_11_2017,not_humanitarian
deepest condolence victims earthquake team saverspk iran iraq,13_11_2017,other_relevant_information
breaking update iran says earthquake kills injures,13_11_2017,injured_or_dead_people
rescue relief efforts underway iran big earthquake iran,13_11_2017,rescue_volunteering_or_donation_effort
response last nights earthquakeiraq ochairaq full report,13_11_2017,other_relevant_information
response last nights earthquakeiraq ochairaq full report,13_11_2017,other_relevant_information
response last nights earthquakeiraq ochairaq full report,13_11_2017,other_relevant_information
latest death toll powerful iraniraq earthquake passes,13_11_2017,injured_or_dead_people
devastating earthquake claimed hundreds lives details still emerging,13_11_2017,injured_or_dead_people
rt irishtimesvideo video kurdish tv shows destroyed buildings iraq earthquake,13_11_2017,infrastructure_and_utility_damage
iran earthquake death toll soars published news paper time,13_11_2017,injured_or_dead_people
blessing health injuries patience survivors earthquake iran,13_11_2017,injured_or_dead_people
saddest picture earthquake iraniraq rip birthdayboy,13_11_2017,other_relevant_information
morning update newsletter trudeau speaks bill earthquake hits iraniraq border,13_11_2017,other_relevant_information
rt leilajou iran health minister meeting discuss relief plan earthquake,13_11_2017,other_relevant_information
rt krishna earthquake strikes kuwait moment peoples fear,13_11_2017,affected_individuals
rt weatherbryan nd large earthquake today iraq morning costa rica,13_11_2017,other_relevant_information
rt alialsalim magnitude earthquake hits iraqiran border towns felt throughout gulf far dubai,13_11_2017,other_relevant_information
iraniraq earthquake rescuers race survivors,13_11_2017,rescue_volunteering_or_donation_effort
ajenglish rescue efforts way iraniraq earthquake death toll rises,13_11_2017,injured_or_dead_people
dead thousands injured major quake weather channel iphone app,13_11_2017,injured_or_dead_people
iraq humanitarian partners rushing help victims earthquake humanitarian newzealand auckland,13_11_2017,rescue_volunteering_or_donation_effort
strong earthquake hits kurdish regions iraq iran leaving hundreds casualties,13_11_2017,injured_or_dead_people
video live tv interview shows moment powerful earthquake hit iraq,13_11_2017,other_relevant_information
malaysian reported present iran earthquake area wisma putra,13_11_2017,other_relevant_information
recent earthquakes iran still shaking nice god watching,13_11_2017,not_humanitarian
rt twofortyeightam earthquake,13_11_2017,not_humanitarian
thoughts amp prayers brothers amp sisters effected earthquake iraniraq border area earthquakeiraq,13_11_2017,other_relevant_information
thoughts amp prayers brothers amp sisters effected earthquake iraniraq border area earthquakeiraq,13_11_2017,other_relevant_information
latest numbers emerging earthquake hit iran amp iraq dead amp injured iran,13_11_2017,injured_or_dead_people
latest numbers emerging earthquake hit iran amp iraq dead amp injured iran,13_11_2017,injured_or_dead_people
latest numbers emerging earthquake hit iran amp iraq dead amp injured iran,13_11_2017,injured_or_dead_people
latest numbers emerging earthquake hit iran amp iraq dead amp injured iran,13_11_2017,injured_or_dead_people
video news via cnn moment iraniraq earthquake struck,13_11_2017,other_relevant_information
yesterday earthquake shattered country iraq killing injuring almost others prayforiraq,13_11_2017,injured_or_dead_people
iran iraq gets hit earthquake boo fucking hoo allah great busy fucking goat,13_11_2017,not_humanitarian
iran iraq gets hit earthquake boo fucking hoo allah great busy fucking goat,13_11_2017,other_relevant_information
iran iraq gets hit earthquake boo fucking hoo allah great busy fucking goat,13_11_2017,not_humanitarian
iran iraq gets hit earthquake boo fucking hoo allah great busy fucking goat,13_11_2017,not_humanitarian
rt eblees earthquake hit iraq amp surrounding regions hope everyone safe,13_11_2017,other_relevant_information
photo gallery earthquake hits iraq iran,13_11_2017,other_relevant_information
please protect suffering especially children today earthquake iranpersia,13_11_2017,not_humanitarian
hundreds dead iran earthquake,13_11_2017,injured_or_dead_people
die massive earthquake hit kermanshah province iran along iraq border iran,13_11_2017,injured_or_dead_people
iraniraq earthquake survivor could see house collapsing video report,13_11_2017,infrastructure_and_utility_damage
news iran iraq reel devastating earthquake kills hundreds via usatoday,13_11_2017,injured_or_dead_people
powerful earthquake strikes near iraqi city halabja,13_11_2017,other_relevant_information
maryamrajavis urgent appeal save victims earthquake iran,13_11_2017,rescue_volunteering_or_donation_effort
rt lastquake earthquake possibly felt min ago northern iran felt see,13_11_2017,other_relevant_information
rt trutawar earthquake kurdistan iran,13_11_2017,other_relevant_information
rt trutawar earthquake kurdistan iran,13_11_2017,other_relevant_information
heart goes iran iraq earthquake pray sarpole zahab kurdistan fff,13_11_2017,not_humanitarian
earthquake kurdistan updated toll people killed injured,13_11_2017,injured_or_dead_people
deadly quake people dead wounded terrible earthquake rocks,13_11_2017,injured_or_dead_people
see moment earthquake struck usnews usrc,13_11_2017,not_humanitarian
new activation emsr earthquake iraq copernicus earthquake eucivpro,13_11_2017,not_humanitarian
latest update iraqiran earthquake killed wounded,13_11_2017,injured_or_dead_people
rt yerevansaeed according earthquake info earthquake hits halabja area kurdistan,13_11_2017,other_relevant_information
rt yerevansaeed according earthquake info earthquake hits halabja area kurdistan,13_11_2017,other_relevant_information
devastating images iranian cities impacted last nights earthquake iran earthquake,13_11_2017,other_relevant_information
devastating images iranian cities impacted last nights earthquake iran earthquake,13_11_2017,other_relevant_information
devastating images iranian cities impacted last nights earthquake iran earthquake,13_11_2017,other_relevant_information
devastating images iranian cities impacted last nights earthquake iran earthquake,13_11_2017,other_relevant_information
video horrible scenes earthquake super store iraq pakistan,13_11_2017,other_relevant_information
earthquake kuwait,13_11_2017,other_relevant_information
united prayer iran amp iraq deadly earthquake prayforiran prayforiraq,13_11_2017,not_humanitarian
iran declares three days mourning quake iraq earthquake,13_11_2017,other_relevant_information
official tells news agencies irans death toll powerful earthquake rises,13_11_2017,injured_or_dead_people
rt tasnimnewsen iran continues exporting gas iraq despite strong earthquake,13_11_2017,not_humanitarian
pakistan extends sympathies loss lives iran iraq earthquake,13_11_2017,other_relevant_information
iraq live tv interview interrupted powerful earthquake watch,13_11_2017,other_relevant_information
earthquake iran know say wish right words comfort kids people,13_11_2017,other_relevant_information
turkey sends aid kurdistan region earthquake victims iraq twitterkurds,13_11_2017,rescue_volunteering_or_donation_effort
rt africanviews damaged house iran following sunday earthquake measuring magnitude,13_11_2017,infrastructure_and_utility_damage
isesco expresses condolences earthquake iraqiran border region,13_11_2017,other_relevant_information
iran hunts survivors following devastating earthquake,13_11_2017,rescue_volunteering_or_donation_effort
video force iraniraq earthquake sends items flying shop shelves kuwait,13_11_2017,rescue_volunteering_or_donation_effort
todays lbc drive words acid attacks brexit rohinga crisis iraqiran earthquake,13_11_2017,other_relevant_information
video footage iraq kurdistan quake struck late sunday,13_11_2017,other_relevant_information
new post iraniraq border earthquake deadliest published ourstube,13_11_2017,injured_or_dead_people
monday morning iran gave provisional toll deadearthquake,13_11_2017,injured_or_dead_people
let know one talking giant earthquake hit iraniraq last night,13_11_2017,other_relevant_information
rt cbcnews dozens killed earthquake rocks iraniraq border,13_11_2017,injured_or_dead_people
national earthquake information center iraq,13_11_2017,not_humanitarian
national earthquake information center iraq,13_11_2017,not_humanitarian
national earthquake information center iraq,13_11_2017,not_humanitarian
people need shelter magnitude earthquake hit border iran iraq sendingprayersfd,13_11_2017,affected_individuals
algeria social media told story iraniraq earthquake,13_11_2017,other_relevant_information
iraniraqdfcfor citizens eethe majority victims greedy men amp earthquake,13_11_2017,other_relevant_information
hi hello god order please fix president country emergency help iraq iran earthquake,13_11_2017,not_humanitarian
rt borzou magnitude earthquake strikes along iraqiran border km town halabja via usgs,13_11_2017,other_relevant_information
buzzfeeddevastating photographs show aftermath deadly earthquake,13_11_2017,other_relevant_information
photos show devastation left behind quake near iraniraq border,13_11_2017,other_relevant_information
usgs earthquake summary posters halabjah iraq website ualbanygovinfo ualbanylibs,13_11_2017,other_relevant_information
rt edrormba israel sends condolences iran iraq catastrophic earthquake,13_11_2017,other_relevant_information
images earthquakes aftermath iran break heart via anupkaphle,13_11_2017,other_relevant_information
images earthquakes aftermath iran break heart via anupkaphle,13_11_2017,other_relevant_information
images earthquakes aftermath iran break heart via anupkaphle,13_11_2017,other_relevant_information
images earthquakes aftermath iran break heart via anupkaphle,13_11_2017,other_relevant_information
earthquake km halabjah iraq sulaymnyah usgs geology,13_11_2017,not_humanitarian
earthquake iran quit others,13_11_2017,other_relevant_information
earthquake effect kuwait version tamilansdcab,13_11_2017,other_relevant_information
earthquake effect kuwait version tamilansdcab,13_11_2017,not_humanitarian
earthquake effect kuwait version tamilansdcab,13_11_2017,not_humanitarian
earthquake hits border iran iraq pictures noticias actualidad news,13_11_2017,other_relevant_information
photos survivor search continues earthquake decimates iran iraq,13_11_2017,rescue_volunteering_or_donation_effort
iran earthquake recorded sep seismometer installed ictjacsic,13_11_2017,other_relevant_information
iran earthquake recorded sep seismometer installed ictjacsic,13_11_2017,other_relevant_information
pope offers prayerful solidarity iraniraq earthquake victims,13_11_2017,not_humanitarian
scene devastation west iran due recent earthquake,13_11_2017,infrastructure_and_utility_damage
grieving lost family member iran earthquake,13_11_2017,other_relevant_information
rt pasargadbank condolences due loss last nights earthquake victimsfbfbfb iran,13_11_2017,not_humanitarian
latest italy sends aid iran earthquake,13_11_2017,rescue_volunteering_or_donation_effort
girl students dormitory ruined terrible earthquake west iran,13_11_2017,affected_individuals
thought died following strongest earthquake,13_11_2017,injured_or_dead_people
iraniraq temblor earthquake sudden wave death,13_11_2017,injured_or_dead_people
iraqiran earthquake reporting day november japan costa rice earthquakes,13_11_2017,other_relevant_information
rt pmbreakingnews location massive earthquake iran,13_11_2017,other_relevant_information
humanity everyone iran amp iraq earthquake rescue help aid,13_11_2017,not_humanitarian
baby born irans deadly earthquake gives hope shocked nation,13_11_2017,other_relevant_information
update iraniraq earthquake death toll injured deadliest quake,13_11_2017,injured_or_dead_people
local seismograph detected iraniraq earthquake making detector ringing minutes,13_11_2017,not_humanitarian
oxfam assist iraq amid recent earthquake country director,13_11_2017,rescue_volunteering_or_donation_effort
officials iran iraq aid rushed areas hit deadly magnitude earthquake,13_11_2017,rescue_volunteering_or_donation_effort
iraniraq earthquake damages caused last nightamprsquos earthquake sourced enex,13_11_2017,other_relevant_information
killed iraniraq quake state media says,13_11_2017,injured_or_dead_people
earthquake seems occurred zargos thrust offshoots near iran iraq boundary,13_11_2017,other_relevant_information
twitter erupts iraniraq earthquake,13_11_2017,not_humanitarian
saw homes collapse survivors tell terrifying moment earthquake hit iran,13_11_2017,affected_individuals
big earthquake iran help stand soon,13_11_2017,rescue_volunteering_or_donation_effort
big earthquake iran help stand soon,13_11_2017,rescue_volunteering_or_donation_effort
big earthquake iran help stand soon,13_11_2017,rescue_volunteering_or_donation_effort
big earthquake iran help stand soon,13_11_2017,rescue_volunteering_or_donation_effort
one painful picture latest earthquake iran pray people,13_11_2017,other_relevant_information
toronto sign dimmed today honour tragic loss life sundays earthquake iraq iran,13_11_2017,not_humanitarian
breaking bill gates developing smart city az agenda earthquake hits iran,13_11_2017,not_humanitarian
prayers suffering natural disaster iran e iraq e f earthquake,13_11_2017,not_humanitarian
donald trump silent deadly iraniraq earthquake hours happened despite,13_11_2017,not_humanitarian
israel shaken moved action deadly earthquake iraniraq border,13_11_2017,other_relevant_information
help iraniraq border earthquake victims right away,13_11_2017,rescue_volunteering_or_donation_effort
iraniraq earthquake social media images show tragic aftermath,13_11_2017,other_relevant_information
tune bbc world tv os talking iran earthquake,13_11_2017,not_humanitarian
heartbreaking photo day words iraniraqearthquake,13_11_2017,other_relevant_information
alex jones massive magnitude earthquake struck,13_11_2017,other_relevant_information
donald trump yet address deadly iraniraq earthquake time tweet,13_11_2017,other_relevant_information
major earthquake iraniraq border amp help,13_11_2017,other_relevant_information
true earthquake reach kuwait soon usgs usgslandcover,13_11_2017,not_humanitarian
deacon sad earthquake victims iraq may god,13_11_2017,not_humanitarian
iraq relief international assisting earthquakeaffected communities humanitarian newzealand auckland,13_11_2017,not_humanitarian
iranearthquake united nation rising help prayforiran,13_11_2017,rescue_volunteering_or_donation_effort
iraniraq earthquake live blog,13_11_2017,not_humanitarian
statement attributable secgen earthquake iran humanrights un,13_11_2017,not_humanitarian
iraniraq earthquake villages vanished,13_11_2017,infrastructure_and_utility_damage
iran earthquake sad,13_11_2017,other_relevant_information
iran blood donors go allout tehran earthquake casualties,13_11_2017,rescue_volunteering_or_donation_effort
massive earthquake killed hundreds iraq iran nbc news newinvids,13_11_2017,injured_or_dead_people
devastating blow people iran amp iraq earthquake,13_11_2017,not_humanitarian
earthquake near iraq iran borderand rising people die confirmed yeteee,13_11_2017,other_relevant_information
irans etemaddaily front page alone kermanshah earthquake,13_11_2017,other_relevant_information
iraq war ends earthquake abiodun giwa,13_11_2017,other_relevant_information
number dead rises earthquake strikes iran iraq ndtv news,13_11_2017,injured_or_dead_people
traveltourismgt massive magnitude earthquake iran kills gt tourism,13_11_2017,other_relevant_information
iran nuclear weapon detonation causes catastrophic magnitude earthquake november,13_11_2017,other_relevant_information
island resident feels earthquake hit comes aid victims iran pei,13_11_2017,rescue_volunteering_or_donation_effort
felt earthquake strikes km w sarpole zahb iran min ago please report,13_11_2017,other_relevant_information
iraniraq earthquake nsa leaks apple face id hacked security safety,13_11_2017,other_relevant_information
pray kermanshah iran earthquake,13_11_2017,other_relevant_information
pray kermanshah iran earthquake,13_11_2017,other_relevant_information
pray kermanshah iran earthquake,13_11_2017,other_relevant_information
pray kermanshah iran earthquake,13_11_2017,other_relevant_information
bbcbreaking bbcworld edge delight tragedy catch moment live iran earthquake sadness,13_11_2017,other_relevant_information
massive earthquake strikes iraq star bethlehem rises israel,13_11_2017,other_relevant_information
iranquake iraqearthquake daily map reliefweb,13_11_2017,not_humanitarian
earthquake sisme irak iran deep condolences may god help gods solidarity,13_11_2017,not_humanitarian
earthquake sisme irak iran deep condolences may god help gods solidarity,13_11_2017,not_humanitarian
earthquake sisme irak iran deep condolences may god help gods solidarity,13_11_2017,not_humanitarian
earthquake sisme irak iran deep condolences may god help gods solidarity,13_11_2017,not_humanitarian
click finance politics business iraniraq earthquake kills,13_11_2017,injured_or_dead_people
rescue workers continue search rubble following earthquake iran iraq,13_11_2017,rescue_volunteering_or_donation_effort
messages solidarity mexico irans earthquake victims seeyouiniran,13_11_2017,not_humanitarian
bernie sanders calls trump help iran deadliest earthquake,14_11_2017,other_relevant_information
iran earthquake death tll sars mre,14_11_2017,injured_or_dead_people
usgsm km e al miqdadiyah iraq earthquake,14_11_2017,not_humanitarian
locke middle school seismogram earthquake iraq nov earthquake costa rica nov,14_11_2017,other_relevant_information
turkey steps aid iraq earthquake victims fastest largest action among country,14_11_2017,rescue_volunteering_or_donation_effort
earthquake detected km wsw sarpole zahab iran,14_11_2017,other_relevant_information
iran ends rescue operations toll powerful earthquake reaches,14_11_2017,injured_or_dead_people
thinking e irans e iraqs victims earthquake,14_11_2017,injured_or_dead_people
faq iran earthquake relief,14_11_2017,other_relevant_information
iranians donate blood magnitude earthquake hits western iran november,14_11_2017,rescue_volunteering_or_donation_effort
watch killed earthquake magnitude iraq kuwait,14_11_2017,injured_or_dead_people
icymi earthquake aftershocks shake iraqiran border,14_11_2017,other_relevant_information
china offers aid iran iraq earthquake kills,14_11_2017,rescue_volunteering_or_donation_effort
deadly earthquake hits iran iraq nbc nightly news,14_11_2017,other_relevant_information
earthquake relief iran iraq difficult task,14_11_2017,other_relevant_information
iraniraq earthquake dead injured iranian rescue missions wind,14_11_2017,injured_or_dead_people
heartbreaking image kind people earthquake kermanshahiran,14_11_2017,affected_individuals
terrifying chill runs spine seeing images earthquakehit iraq god give strength,14_11_2017,affected_individuals
terrifying chill runs spine seeing images earthquakehit iraq god give strength,14_11_2017,affected_individuals
terrifying chill runs spine seeing images earthquakehit iraq god give strength,14_11_2017,affected_individuals
iran quake survivors endure second night without shelter see gtgt,14_11_2017,affected_individuals
quake leaves trail death destructions iraq earthquake bahrain,14_11_2017,infrastructure_and_utility_damage
iraq earthquake middle east rocked magnitude middleeastnews breakingnews news,14_11_2017,other_relevant_information
praying earthquake victims amp families iran amp iraq,14_11_2017,not_humanitarian
thousands iranians homeless strong iraqiran earthquake phnews,14_11_2017,affected_individuals
buildings became coffins rescuers hunt survivors iran earthquake debris,14_11_2017,rescue_volunteering_or_donation_effort
earthquake death toll reaches iran battles shelter survivors,14_11_2017,injured_or_dead_people
mohadjer parsquake unitue explains iran iraq earthquake bbcpersian,14_11_2017,not_humanitarian
iran kermanshah tagh bostan years ago god allow people kermanshah earthquake suffer,14_11_2017,other_relevant_information
god save people world natural disasters country iran earthquake kermanshah,14_11_2017,other_relevant_information
iran mourning earthquake killed,14_11_2017,injured_or_dead_people
iran halts earthquake rescue operations survivors battle hunger cold,14_11_2017,rescue_volunteering_or_donation_effort
iran mourns victims sundays magnitude earthquake middleeast,14_11_2017,affected_individuals
install wordpress vps click seo blog social media,14_11_2017,not_humanitarian
us condoles iran deadly earthquake,14_11_2017,other_relevant_information
aftermath earthquake darbandikhan,14_11_2017,other_relevant_information
iraq earthquake damage hit castle shirwana archaeological kalar sulaymaniyah,14_11_2017,infrastructure_and_utility_damage
iraq earthquake damage hit castle shirwana archaeological kalar sulaymaniyah,14_11_2017,infrastructure_and_utility_damage
iraq earthquake damage hit castle shirwana archaeological kalar sulaymaniyah,14_11_2017,infrastructure_and_utility_damage
iraq earthquake damage hit castle shirwana archaeological kalar sulaymaniyah,14_11_2017,infrastructure_and_utility_damage
earthquake destroys hospital worst hit area iran,14_11_2017,infrastructure_and_utility_damage
houses destroyed earthquake iranian kurdistan basnews,14_11_2017,infrastructure_and_utility_damage
updating live blog iraniraq earthquake check,14_11_2017,other_relevant_information
yall believe enrique oooooonly celebrity spoke earthquake iraniraq,14_11_2017,not_humanitarian
iraniraq brder earthquake devastates twn targeted b saddam hussein,14_11_2017,not_humanitarian
november strong earthquake iraniraq border killed people,14_11_2017,injured_or_dead_people
turkish red crescent cooperates iraqi red crescent order alleviate needs earthquake victims iraq,14_11_2017,rescue_volunteering_or_donation_effort
turkish red crescent cooperates iraqi red crescent order alleviate needs earthquake victims iraq,14_11_2017,rescue_volunteering_or_donation_effort
turkish red crescent cooperates iraqi red crescent order alleviate needs earthquake victims iraq,14_11_2017,rescue_volunteering_or_donation_effort
turkish red crescent cooperates iraqi red crescent order alleviate needs earthquake victims iraq,14_11_2017,rescue_volunteering_or_donation_effort
usatoday raw known dead iran earthquake,14_11_2017,injured_or_dead_people
iran love everywhere good allah watching higher judge allah earthquake,14_11_2017,not_humanitarian
pictures deadly earthquake jolts iran iraq,14_11_2017,other_relevant_information
fucking hurts cannot anything people iranearthquake iran earthquake,14_11_2017,not_humanitarian
exclusive odynaijaupdate iraniraq earthquake kills least,14_11_2017,injured_or_dead_people
new story npr deadly earthquake iran declares national day mourning,14_11_2017,other_relevant_information
rt thenewsintl magnitude quake hits iraq without reports major damage,14_11_2017,other_relevant_information
two babies born makeshift hospital amid iran earthquake,14_11_2017,other_relevant_information
president xi sends condolences earthquake along iraniraq earthquake xijinping,14_11_2017,other_relevant_information
action iran government countries help recent earthquake iran kurds,14_11_2017,other_relevant_information
action iran government countries help recent earthquake iran kurds,14_11_2017,other_relevant_information
action iran government countries help recent earthquake iran kurds,14_11_2017,other_relevant_information
action iran government countries help recent earthquake iran kurds,14_11_2017,other_relevant_information
statedeptspox house wall earthquake location iraq kirkuk,14_11_2017,infrastructure_and_utility_damage
quake kills iranian border region rebuilt war,14_11_2017,injured_or_dead_people
president dr kerem kinik darbendixan district iraq suffered earthquake,14_11_2017,other_relevant_information
president dr kerem kinik darbendixan district iraq suffered earthquake,14_11_2017,other_relevant_information
president dr kerem kinik darbendixan district iraq suffered earthquake,14_11_2017,other_relevant_information
rouhani tours iran earthquake devastation death toll beyond,14_11_2017,injured_or_dead_people
iraniraq earthquake caught live tv heres,14_11_2017,not_humanitarian
iran survivors struggle aftermath years deadly earthquake,14_11_2017,affected_individuals
earthquake hits iran amp iraq sunday november pm local time quran says judgement day,14_11_2017,other_relevant_information
people dead iraqiran border town earthquake bodies discovered,14_11_2017,injured_or_dead_people
wish help victims earthquake welcome make donation kurdistan iraq iran,14_11_2017,rescue_volunteering_or_donation_effort
rescuers search debris tragic iraniraq earthquake,14_11_2017,rescue_volunteering_or_donation_effort
heartbreaking fbearthquake iran praying help sadnews humanity,14_11_2017,not_humanitarian
earthquake iran outside town sarpole zahab thousands homeless attakenare afpphoto afp,14_11_2017,affected_individuals
earthquake iran outside town sarpole zahab thousands homeless attakenare afpphoto afp,14_11_2017,affected_individuals
earthquake iran outside town sarpole zahab thousands homeless attakenare afpphoto afp,14_11_2017,affected_individuals
moms earthquake experience shes kuwait nutshell,14_11_2017,other_relevant_information
kermanshah city earthquake near iraq padremedium,14_11_2017,other_relevant_information
schools destroyed iranearthquake reconstructed soon,14_11_2017,infrastructure_and_utility_damage
rescue workers iran search survivors blocks town people collapsed,14_11_2017,rescue_volunteering_or_donation_effort
kianoush rostami auction olympic gold medal help countrys earthquakestricken country iran,14_11_2017,rescue_volunteering_or_donation_effort
despair death toll jumps massive iran quake,14_11_2017,injured_or_dead_people
despair death toll jumps massive iran quake,14_11_2017,injured_or_dead_people
olympic champion auction gold medal iran earthquake victims,14_11_2017,not_humanitarian
lowquality construction major factor iran earthquake deaths,14_11_2017,other_relevant_information
lowquality construction major factor iran earthquake deaths,14_11_2017,other_relevant_information
lowquality construction major factor iran earthquake deaths,14_11_2017,other_relevant_information
iran pledges swift aid major quake kills,14_11_2017,rescue_volunteering_or_donation_effort
almaliki bahrainis iraq affected earthquake,14_11_2017,other_relevant_information
earthquake victims iran help goes long way,14_11_2017,affected_individuals
iran earthquake survivors plead help breakingnews,14_11_2017,other_relevant_information
implications irans latest devastating earthquake humanrights unga,14_11_2017,other_relevant_information
iraniraq earthquake rouhani vows action collapsed buildings,14_11_2017,not_humanitarian
convert partial rss full rss autoblog seoservice social,14_11_2017,not_humanitarian
people died far huge earthquake iran people need prayers,14_11_2017,injured_or_dead_people
eerie photo earthquake devastation sarpole zahab iran,14_11_2017,other_relevant_information
irans earthquake death toll raised declared emergency,14_11_2017,injured_or_dead_people
iran iraq earthquake concern darbandikhan dam,14_11_2017,infrastructure_and_utility_damage
foxnews cnn ap iran national television intv donates victims earthquake,14_11_2017,rescue_volunteering_or_donation_effort
earthquake northeast iraq november flash update,14_11_2017,other_relevant_information
death toll made irans deadliest earthquake decade news world,14_11_2017,injured_or_dead_people
sad hear families iran iraq lost many people earthquake f,14_11_2017,injured_or_dead_people
buildings investigation launched wake iran earthquake,14_11_2017,other_relevant_information
deepest condolences families people killed iran iraq earthquake cyrusbalarak,14_11_2017,not_humanitarian
pray iran earthquake earthquakeiran e,14_11_2017,other_relevant_information
iran calls earthquake rescue shifts providing aid thousands left homeless,14_11_2017,rescue_volunteering_or_donation_effort
top lebanese figures condole iran earthquake iranquake,14_11_2017,not_humanitarian
devestating earthquake iran dd people needs help ddd,14_11_2017,rescue_volunteering_or_donation_effort
iraniraq earthquake devastates rural region cnn video,14_11_2017,other_relevant_information
one restaurant donated falafel sandwiches earthquake victims kermanshah iran,14_11_2017,rescue_volunteering_or_donation_effort
hundred earthquake victim families khanaqin city iraq received food support today,14_11_2017,rescue_volunteering_or_donation_effort
hundred earthquake victim families khanaqin city iraq received food support today,14_11_2017,rescue_volunteering_or_donation_effort
hundred earthquake victim families khanaqin city iraq received food support today,14_11_2017,rescue_volunteering_or_donation_effort
hundred earthquake victim families khanaqin city iraq received food support today,14_11_2017,rescue_volunteering_or_donation_effort
irans devastating earthquake sparks criticism regimes response,14_11_2017,other_relevant_information
earthquake ml eastern iran emsc,14_11_2017,other_relevant_information
breaking israeli private message netanyahu offers aid iraq iran red cross earthquake relief,14_11_2017,rescue_volunteering_or_donation_effort
world leaders offer condolences iran earthquake survivors,14_11_2017,other_relevant_information
iraniraq earthquake president rouhani speaks sarpole zahab sourced enex,14_11_2017,not_humanitarian
news summary comments daily chart magnitude earthquake iraniraq border leaves hundreds dead,14_11_2017,injured_or_dead_people
checking iraq iran border devastating earthquake sunday osint news,14_11_2017,infrastructure_and_utility_damage
netanyahu offered assistance iran earthquake victims via arutzshevaen,14_11_2017,rescue_volunteering_or_donation_effort
hundreds killed iraqiran earthquake felt uae dubai mydubai dxb uae,14_11_2017,injured_or_dead_people
devastating earthquake iran civilians begging help ciaravinoecon,14_11_2017,affected_individuals
earthquake selfie iran,14_11_2017,other_relevant_information
devastating earthquake near iraniraq brder left survivrs phsicall,14_11_2017,affected_individuals
alive survivors iran earthquake mourn government scrambles help,14_11_2017,affected_individuals
beautiful children iran donating pocket money earthquake appeal,15_11_2017,rescue_volunteering_or_donation_effort
winnipeggers family near iraniraq earthquake feel helpless death count rises,15_11_2017,not_humanitarian
iran probe statebuilt homes destroyed deadly earthquake breakingnews,15_11_2017,infrastructure_and_utility_damage
im disappointed happened iran earthquake strong sorrow,15_11_2017,not_humanitarian
im disappointed happened iran earthquake strong sorrow,15_11_2017,not_humanitarian
anger iran earthquake flattens ahmadinejad housing projects,15_11_2017,infrastructure_and_utility_damage
rt huffpost olympic weightlifter sell gold medal irans earthquake victims,15_11_2017,rescue_volunteering_or_donation_effort
expert josm jump multiple hotosm tasks iraniraq earthquake urisa,15_11_2017,other_relevant_information
adventist review online adventist relief personnel mobilize help earthquake victims,15_11_2017,rescue_volunteering_or_donation_effort
iraq crashing boulders collapsed homes along town edge effective,15_11_2017,infrastructure_and_utility_damage
residents scarred devastating earthquake near iraniraq border statemedia,15_11_2017,affected_individuals
irans wrestling team kermanshah help earthquake victims,15_11_2017,rescue_volunteering_or_donation_effort
unfinished birthday party irans earthquakehit kermanshah province,15_11_2017,affected_individuals
situation update sundays earthquakeiraq ochairaq,15_11_2017,not_humanitarian
situation update sundays earthquakeiraq ochairaq,15_11_2017,not_humanitarian
situation update sundays earthquakeiraq ochairaq,15_11_2017,not_humanitarian
iraniraq earthquake crustal deformation detected alos data,15_11_2017,other_relevant_information
iraniraq earthquake crustal deformation detected alos data,15_11_2017,other_relevant_information
irans earthquake leaves thousands without home middleeast,15_11_2017,affected_individuals
iranearthquake divine trial statesmen leader,15_11_2017,not_humanitarian
teaching activities iraniraq earthquake kills natalie proulx,15_11_2017,injured_or_dead_people
irans deadly earthquake toll rises killed injured kermanshah amp serpolrzehab kurdistan,15_11_2017,injured_or_dead_people
israel private message benjamin netanyahu offers aid iran earthquake says humanity greater,15_11_2017,rescue_volunteering_or_donation_effort
light mag earthquake western iran wednesday november vulcano vulkaan,15_11_2017,other_relevant_information
iran earthquake politicised,15_11_2017,not_humanitarian
would like express solidarity iran terrible earthquake original,15_11_2017,not_humanitarian
alive recalled thinking alive iran earthquake,15_11_2017,affected_individuals
iraq delivers urgent health assistance earthquake trauma patients,15_11_2017,rescue_volunteering_or_donation_effort
iraq delivers urgent health assistance earthquake trauma patients,15_11_2017,rescue_volunteering_or_donation_effort
child rescued today days earthquake western iran,15_11_2017,rescue_volunteering_or_donation_effort
iraniraq earthquake israeli offers help victims ampaposturned downampapos,15_11_2017,rescue_volunteering_or_donation_effort
rt nytimesworld irans supreme leader called earthquake divine test,15_11_2017,not_humanitarian
donating iran earthquake victims please dont forget nappies milk sanitary products,15_11_2017,rescue_volunteering_or_donation_effort
photoop rejected hasbarah talking point reinforced,15_11_2017,not_humanitarian
way iran governmental official respond earthquake victimes kurds,15_11_2017,other_relevant_information
iran earthquake baby taken rubble alive days,15_11_2017,rescue_volunteering_or_donation_effort
survivors earthquake iran await badly needed aid days later,15_11_2017,affected_individuals
aid convoy holy shrine imam reza earthquake victims iran,15_11_2017,rescue_volunteering_or_donation_effort
aid convoy holy shrine imam reza earthquake victims iran,15_11_2017,rescue_volunteering_or_donation_effort
aid convoy holy shrine imam reza earthquake victims iran,15_11_2017,rescue_volunteering_or_donation_effort
earthquake hits irans dictators strong,15_11_2017,other_relevant_information
israel sending aid earthquake victims iran iraq,15_11_2017,rescue_volunteering_or_donation_effort
civilian groups send care packages earthquake victims western iran,15_11_2017,rescue_volunteering_or_donation_effort
iran turned israeli aid offer earthquake earthquakeisrael,15_11_2017,not_humanitarian
security iran earthquake child pulled dead mothers arms,15_11_2017,rescue_volunteering_or_donation_effort
us sanctions impeding relief efforts iraniraq earthquake victims,15_11_2017,not_humanitarian
rescue dog brings joy kids western iran earthquake,15_11_2017,rescue_volunteering_or_donation_effort
irans oilfield petrochem plants survive strong earthquake report,15_11_2017,other_relevant_information
responding irans earthquake least died others injured,15_11_2017,injured_or_dead_people
iran criticised earthquake response details,15_11_2017,not_humanitarian
irans rohani statebuilt homes collapsed earthquake prove government corruption,15_11_2017,infrastructure_and_utility_damage
archaeological treasures iraq found deadly earthquake,15_11_2017,other_relevant_information
many children lost parents iran past hrs sad earthquake,15_11_2017,affected_individuals
kingmohammedvi morocco offers condolences president republic iran hassanrohani earthquake,15_11_2017,not_humanitarian
htp statement iran earthquake,15_11_2017,other_relevant_information
aid ask iranian earthquake survivors iran humanrights,15_11_2017,rescue_volunteering_or_donation_effort
algeria us sanctions snag donations iran earthquake victims,15_11_2017,rescue_volunteering_or_donation_effort
german bankers politicians criticism forum promoting business iran,15_11_2017,not_humanitarian
iranian americans help earthquake relief iran,15_11_2017,rescue_volunteering_or_donation_effort
scenes landsat ingested hdds event earthquakeirn iran earthquake,16_11_2017,not_humanitarian
solidarity victims iraniraq earthquake newprofilepic,16_11_2017,not_humanitarian
iran iraq reject israels offer aid earthquake victims,16_11_2017,rescue_volunteering_or_donation_effort
tweet scaramucci via twitter iphone,16_11_2017,not_humanitarian
iranians outraged shoddy construction earthquake zone,16_11_2017,other_relevant_information
iraniraq earthquake seismologists work fill fault map region,16_11_2017,other_relevant_information
italy delivers aid iraq earthquake victims,16_11_2017,rescue_volunteering_or_donation_effort
solidarity survival sorrow mingle iran earthquake,16_11_2017,other_relevant_information
iran families left homeless earthquake huddle around fires warmth sleep tents,16_11_2017,affected_individuals
iran families left homeless earthquake huddle around fires warmth sleep tents,16_11_2017,affected_individuals
iran families left homeless earthquake huddle around fires warmth sleep tents,16_11_2017,affected_individuals
iran families left homeless earthquake huddle around fires warmth sleep tents,16_11_2017,affected_individuals
new earthquake leaves casualties iran,16_11_2017,other_relevant_information
strong earthquake iran effect yesterdays earthquake azerbaijan,16_11_2017,other_relevant_information
city turned rubble still beautiful earthquake iran kermanshah photo someiraz,16_11_2017,other_relevant_information
irans mullah regime imposes new measures quell earthquake victims,16_11_2017,affected_individuals
iran turning blind eye kurdish victims earthquake basnews,16_11_2017,affected_individuals
south koreans stay shelters powerful quake bearday iran usa,16_11_2017,other_relevant_information
iran turns offers earthquake aid including archfoe israel,16_11_2017,rescue_volunteering_or_donation_effort
foxalgeria criticism us sanctions returns iran earthquake algerie,16_11_2017,other_relevant_information
researcher claims predicted iraniraqearthquake planetary alignments,16_11_2017,other_relevant_information
earthquake kermanshah irans new genocide religious ethnic minorities,16_11_2017,other_relevant_information
weeks quoteoftheweek comes maryamrajavi last weeks tragic earthquake iran freeiran,16_11_2017,other_relevant_information
iran factions use earthquake relief effort pursue power struggle,16_11_2017,other_relevant_information
copernicusems activated monitor impact earthquake iraq,16_11_2017,other_relevant_information
pak top politician expresses sorrow iran killer earthquake,16_11_2017,not_humanitarian
private message israel israel offer medical aid victims earthquake,16_11_2017,rescue_volunteering_or_donation_effort
huge earthquake could strike today says prophet predicted iraniraq killer quake,16_11_2017,other_relevant_information
act alliance alert iraq earthquake reliefweb hng earthquake,16_11_2017,other_relevant_information
iraqiran earthquake italianairforce provides aid avgeek aviation,16_11_2017,rescue_volunteering_or_donation_effort
iran earthquake survivors sleeping rubble ask help washington post iran,16_11_2017,affected_individuals
crowdfunding raise funds irans recent earthquake crowdfunding startup tech,16_11_2017,rescue_volunteering_or_donation_effort
us embassy shows reality devastating earthquake hitting iraq iran,16_11_2017,other_relevant_information
iran earthquake appeal,16_11_2017,other_relevant_information
fundraising irans earthquake victims blocked us treasury,16_11_2017,rescue_volunteering_or_donation_effort
man plays piano ruins house city hit earthquake leaving dead iran,16_11_2017,infrastructure_and_utility_damage
know iran turning internationa assistance earthquake area read,16_11_2017,not_humanitarian
airlifts medical supplies treat wounded iraniraq earthquake,16_11_2017,rescue_volunteering_or_donation_effort
sweet moment little kid helps friend get food devastating earthquake,16_11_2017,not_humanitarian
iran used haarp technology caused earthquake kurdistan,16_11_2017,not_humanitarian
iranian regime tries cover devastating reality earthquake disaster,16_11_2017,other_relevant_information
baby rescued rubble hours earthquake iran life must go,16_11_2017,rescue_volunteering_or_donation_effort
iran mullahs priority cover dimensions disaster prevent popular protests earthquake areasiran,17_11_2017,not_humanitarian
netanyahu says iran rejected israels offer aid devastating earthquake haaretzcom says false,17_11_2017,rescue_volunteering_or_donation_effort
iran shock trauma crisis christiannews earthquake,17_11_2017,other_relevant_information
people sarabzahab village building shelter destructive earthquake western iran,17_11_2017,infrastructure_and_utility_damage
pics recent iran earthquake worth thousand words photo source amp credit unknown,17_11_2017,other_relevant_information
iran earthquake damage put bn pounds international paologentiloni,17_11_2017,infrastructure_and_utility_damage
week pictures iran earthquake greece floods barcelona kabul,17_11_2017,not_humanitarian
iranian little boy takes friend receive food irans earthquake,17_11_2017,rescue_volunteering_or_donation_effort
rouhani vs ahmadinejad pictures speak volume iran earthquake,17_11_2017,not_humanitarian
rouhani vs ahmadinejad pictures speak volume iran earthquake,17_11_2017,other_relevant_information
rouhani vs ahmadinejad pictures speak volume iran earthquake,17_11_2017,not_humanitarian
rouhani vs ahmadinejad pictures speak volume iran earthquake,17_11_2017,other_relevant_information
iranearthquake tidal wave solidarity iran prayforiran,17_11_2017,other_relevant_information
testing atomic really earthquake think iran,17_11_2017,other_relevant_information
moments peace lake outside halabja shaken last weeks earthquake,17_11_2017,not_humanitarian
irans former president ahmadinejad visits villages struck earthquake kermanshah,17_11_2017,other_relevant_information
irans former president ahmadinejad visits villages struck earthquake kermanshah,17_11_2017,other_relevant_information
irans former president ahmadinejad visits villages struck earthquake kermanshah,17_11_2017,other_relevant_information
premium times buhari commiserates iran iraq earthquake afropagesen,17_11_2017,not_humanitarian
huge earthquake west iran city many villages collapsed,17_11_2017,infrastructure_and_utility_damage
pakistan dispatches relief assistance earthquake affectees iran,17_11_2017,rescue_volunteering_or_donation_effort
unsafe building earthquake result west iran,17_11_2017,infrastructure_and_utility_damage
reading recent earthquake iran currentevents newsela,17_11_2017,not_humanitarian
reading recent earthquake iran currentevents newsela,17_11_2017,not_humanitarian
world red cross netanyahus claim false iran wanted help earthquake victims,17_11_2017,not_humanitarian
world red cross netanyahus claim false iran wanted help earthquake victims,17_11_2017,not_humanitarian
israel offers aid iran following massive earthquake freedomfamily beshoyboy,17_11_2017,rescue_volunteering_or_donation_effort
ancient artifacts saved deadly earthquake hold clues mysteries iraqs past,17_11_2017,not_humanitarian
irans regime threat citizens suffering earthquake,17_11_2017,other_relevant_information
sanders calls sanctions relief assist iran earthquake recovery,17_11_2017,rescue_volunteering_or_donation_effort
treasury issues guidance humanitarian donations iran wake earthquake,17_11_2017,rescue_volunteering_or_donation_effort
earthquake qir karzin county fars province iran kamran adl,17_11_2017,other_relevant_information
peterharley sufrogfoot planesonthenet intelcrab tukish aid iraqs earthquake,17_11_2017,not_humanitarian
iraniraq earthquake sentinel copenricus sentinel data esa snap,18_11_2017,other_relevant_information
less hours earthquake hit iraq mobile teams provided lifesaving nilimajumder,18_11_2017,rescue_volunteering_or_donation_effort
less hours earthquake hit iraq mobile teams provided lifesaving nilimajumder,18_11_2017,rescue_volunteering_or_donation_effort
minago earthquake hit kerman iran km gmt emsc,18_11_2017,other_relevant_information
ioc voices readiness help earthquakeaffected people western iran,18_11_2017,rescue_volunteering_or_donation_effort
damage proxy maps cities near epicenter kermanshah earthquake iran tokyotechen,18_11_2017,infrastructure_and_utility_damage
iran daily us treasury blocks donations earthquake survivors,18_11_2017,rescue_volunteering_or_donation_effort
kurdish childrens situation earthquake iran tent house,18_11_2017,affected_individuals
irans earthquake exposes political rifts ineffective governance,18_11_2017,other_relevant_information
victims last weeks earthquake gather outdoors near fire sarpole zahab iran pouria pakizehepa,18_11_2017,affected_individuals
