,id,text,time stamp
0,@EN_NERV,"Major Tsunami Warning , pm The Tsunami Warning has been upgraded to a Major Tsunami Warning. Waves of up to m are expected. Those near coastal areas, rivers, or lakes should evacuate to higher ground immediately. tsunami",01-01-2024
3,@Masabxpct,magnitude. strong earthquake earthquake Noto Ishikawa Japan Tsunami warning,01-01-2024
5,@matttttt187,"JUST IN JAPAN HAD OVER EARTHQUAKES IN TWO HOURS Noto, Ishikawa Prefecture - ., ., ., ., ., ., ., ., ., ., ., ., ., ., ., ., ., ., ., ., ., ., ., . Off the Coast of Noto",01-01-2024
6,@noticias4vision,"Ahora Japon sufrio en el inicio de este un sismo de ,. Sacudio la peninsula de Noto, en la prefectura de Ishikawa, Japon, dejando a varias personas atrapadas bajo los escombros en la ciudad de Wajima. El Centro de Alerta de Tsunamis se activo inmediatamente, pero la",01-01-2024
8,@gaijintacle,"Desgraciadamente, Japon comenzo este sufriendo un fuerte terremoto de magnitud preliminar . en Noto, Ishikawa, que llego a sentirse en Kanto y Tokio. Video grabado por del momento del terremoto en la estacion de Kanazawa. Japon",01-01-2024
12,@RSBR_Oficial,"Tsunami chegando a area da Peninsula de Noto, em Ishikawa, no Japao, apos o Terremoto de magnitude . atingir o pais.",01-01-2024
14,@DimeFred2,"Nos despertamos bravas, eh? Este lunes, a las pm en Mexico eran las am, se produjo un sismo de . grados en la region de Noto, en la prefectura de Ishikawa, Japon. Verga, wey... El viene bien emperrado. Ni con las uvitas que nos comimos la vamos a armar.",01-01-2024
15,@mondoterremoti,"Il nuovo anno inizia nel peggiore dei modi. Poche ore fa un violento terremoto di magnitudo . si e verificato sulla penisola di Noto, in Giappone. Purtroppo ce stato ed e ancora in corso un brutto tsunami, ci sono stati molti crolli e frane. A breve il nostro approfondimento",01-01-2024
16,@LiveStormChaser,"Earlier video showing smaller wave caused by the earthquake off the coast of the Noto Peninsula in western Japan traveling up the Seki River in Joetsu City, Niigata Prefecture. Tsunami warnings still in place!",01-01-2024
18,@volcaholic1,"UNCONFIRMED video of considerable damage in Noto, Japan following a . magnitude earthquake striking km northeast of Anamizu, Japan..... Credit to the original uploader",01-01-2024
22,@CerebrosG,"De ultimo momento Japon emite una alerta de tsunami para casi toda su costa occidental tras un potente terremoto de magnitud que sacudio el lunes la peninsula de Noto, a unos kilometros de Tokio.",01-01-2024
23,@RedGeoChile,"JAPON Registros recopilados por personas que captaron el momento exacto del terremoto . Mw USGS o . Mj JMA en la peninsula de Noto, Honshu. Notable y violenta sacudida debido a la cercania del evento sismico a las hora local. Kanazawa",01-01-2024
24,@MeteoExpress,"a debute par un puissant seisme magnitude , au Japon ! Images des degats dans la peninsule de Noto. Une alerte au tsunami a ete lancee. via",01-01-2024
25,@RedGeoChile,"TSUNAMI EN JAPON Tren de paredes de agua originadas por el terremoto . Mw USGS en la peninsula de Noto, ha ingresado en varios puntos de la costa occidental del pais. Rio Seki en la ciudad de Joetsu, prefectura de Niigata. .",01-01-2024
26,@EN_NERV,The Major Tsunami Warning has been downgraded to a Tsunami Warning. Downgraded from Major Tsunami Warning to Tsunami Warning Noto Peninsula of Ishikawa Prefecture Do not return home until all tsunami warnings advisories have been lifted. japan tsunami,01-01-2024
27,@EN_NERV,"Tsunami Warning , pm A Tsunami Warning has been issued. Waves of up to m are expected. Those near coastal areas, rivers, or lakes should evacuate to higher ground immediately. tsunami",01-01-2024
29,@EN_NERV,"Earthquake Detailed Report At around pm, an earthquake with a magnitude of . occurred near Noto, Ishikawa Prefecture at a very shallow depth. The maximum intensity was . Tsunami warningsadvisories have been issued. earthquake",01-01-2024
31,@EN_NERV,"Earthquake Detailed Report At around pm, an earthquake with a magnitude of . occurred near Noto, Ishikawa Prefecture at a very shallow depth. The maximum intensity was . Tsunami warningsadvisories have been issued. earthquake",01-01-2024
36,@nippon_es,"A las se produjo un temblor de magnitud , cerca de la peninsula de Noto, en Ishikawa. Hay alerta de tsunami. El agua podria alcanzar metros en algunas costas en las prefecturas de Niigata, Toyama e Ishikawa, y en la isla de Sado. Agencia Meteorologica de Japon",01-01-2024
37,@CPPGeophysics,"The aftershock pattern in purple suggests that the M. Noto earthquake ruptured bilaterally, with the preliminary NEIC slip model also indicating slip on both sides of the epicenter",01-01-2024
39,@EarthUncutTV,"Major earthquake off Noto Pensinsula Japan, emergency alert on phone and very noticeable shaking here in central Nagano. Preliminary M. with Shindo shaking, this is a major event",01-01-2024
45,@EN_NERV,"Tsunami Advisory , am The Tsunami Advisory has been updated. Waves of up to m are expected. Those near coastal areas, rivers, or lakes should evacuate to higher ground immediately. tsunami",01-01-2024
47,@CAO_BOUSAI,"Earthquake Information JST on Jan , Seismic intensity at Noto, Ishikawa Prefecture. EpicenterNoto, Ishikawa Prefecture, depth very shallow, estimated magnitude .. Tsunami warning has been issued.",01-01-2024
48,@EN_NERV,"Tsunami Advisory , am The Tsunami Warning has been downgraded to a Tsunami Advisory. Waves of up to m are expected. Those near coastal areas, rivers, or lakes should evacuate to higher ground immediately. tsunami",01-01-2024
52,@CAO_BOUSAI,"Major Tsunami Warning Currently, a major tsunami warning is issued for Noto Area, Ishikawa Prefecture. View estimated arrival times and heights here JMA website",01-01-2024
56,@CAO_BOUSAI,"Earthquake Information JST on Jan , Seismic intensity at Noto, Ishikawa Prefecture. EpicenterNoto, Ishikawa Prefecture, depth km, estimated magnitude .. Tsunami warning has been issued.",01-01-2024
59,@chematierra,PRECAUCION Tras el terremoto de M. en Japon Se ha emitido alerta de tsunami. Se preve un tsunami de metros en la peninsula de Noto.,01-01-2024
61,@CAO_BOUSAI,"Earthquake Information JST on Jan , Seismic intensity at Noto, Ishikawa Prefecture. EpicenterNoto, Ishikawa Prefecture, depth very shallow, estimated magnitude .. Tsunami warning has been issued.",01-01-2024
62,@SkyAlertMx,"TerremotoJapon - Se registran serios danos en poblaciones cercanas al epicentro, como en Noto. El tsunami en esa zona ha alcanzado olas de hasta metros de altura. Sigue la alerta local vigente.",01-01-2024
67,@proceso,Llegan los primeros tsunamis a la costa oeste de Japon tras el terremoto de la peninsula de Noto Videos,01-01-2024
68,@DrWendyRocks,"This is a video of the tsunami caused by the earthquake off the coast of the Noto Peninsula that occurred on January , , traveling up the Seki River in Joetsu City, Niigata Prefecture. Photographed from the second floor of my home.",01-01-2024
78,@DanielKahl,"A large earthquake struck near the Noto Peninsula in Toyama Prefecture central Japan at . A large tsunami warning has been issued. If you are anywhere near the Sea of Japan in the Hokuriku Region Fukui, Ishikawa, Toyama, head to higher ground immediately.",01-01-2024
85,@business,Japan issues a tsunami warning for its almost all of its western coast after a powerful earthquake with a magnitude . hit off the Noto Peninsula about km from Tokyo on Monday,01-01-2024
87,@USGS_Quakes,"Our hearts go out to residents of Japans Noto Peninsula, hit by strong shaking from a shallow km depth M. along Japans west coast. Subduction zone quakes can reach M but large shallow crustal quakes can also generate severe local shaking.",01-01-2024
88,@CNBCTV18Live,Japan downgrades Major Tsunami Warning to a Tsunami Warning for the Noto region,01-01-2024
114,@atul6622,"Huge tsunami warning issued to Noto region of Japans Ishikawa Pref. PM Kishida orders all-out efforts to grasp quake damage, take necessary relief measures Ishikawa Earthquake Earthquake Intensity Tsunami Earthquake Noto Ishikawa Tokyo Japan Earthquke",01-01-2024
272,@frankhcosv,"ULTIMAHORA Danos de consideracion en Noto, Japon debido al fuerte Terremoto de , grados en Japon Hubo sismos en minutos, hay alerta de tsunami, generaron incendios y masivos cortes de energia, ademas dejaron atrapadas al menos a seis personas. SismoJapon",01-01-2024
277,@Top_Disaster,"Heavy damage aftermath the strong . Magnitude earthquake that hit in Noto peninsula, Japan .. TELEGRAM JOIN",01-01-2024
279,@robotopia,"The Noto Peninsula, site of todays powerful quake in Japan, has long been producing exquisite lacquerware like these cups I photographed in Wajima last July. At least one lacquerware warehouse has been destroyed, according to media reports",01-01-2024
298,@DrLucyJones,"The New Years Day M. in Japan caused strong shaking for many people, but because of strong, enforced building codes in Japan, the damage is much less than it could have been. The people on the Noto peninsula will have been hit the hardest. This thread explains more",01-01-2024
304,@Rainmaker1973,Effect of the earthquake that hit Central Japan today roads cracking and pavements rising. mmmin,01-01-2024
332,@MarioNawfal,"JUST IN JAPAN HAD OVER EARTHQUAKES IN TWO HOURS Noto, Ishikawa Prefecture - ., ., ., ., ., ., ., ., ., ., ., ., ., ., ., ., ., ., ., ., ., ., ., . Off the Coast of Noto Peninsula - ., ., ., ., .,",01-01-2024
333,@karinamichelin,"Um terremoto de magnitude , atingiu o oeste do Japao na tarde de segunda-feira, de janeiro , desencadeando um alerta de tsunami e um alerta oficial aos residentes para evacuarem as areas costeiras afetadas o mais rapido possivel. O terremoto ocorreu as h. hora local,",01-01-2024
334,@SinarOnline,Video tular menunjukkan ruang letak kereta bergegar kuat selepas Semenanjung Noto di Ishikawa dilanda gempa bumi . pada skala Richter pada Isnin. SinarHarian SinarTerkini Jepun Gempa Tsunami Ishikawa,01-01-2024
335,@Fa1ryNight,"Yabai que voces tanto escutam significa perigoperigoso. Pra voces terem uma ideia de como esta sendo o terremoto na regiao de Noto, provincia de Ishikawa, ja sao tremores desde o o ocorrido as hs Na sequencia os prints.",01-01-2024
336,@mondoterremoti,"Alle italiane, le locali, un violento terremoto di magnitudo . si e verificato nellestremita settentrionale della penisola di Noto, in Giappone. La scossa ha causato numerosi danni, innescato alcune frane e un prodotto un importante tsunami",01-01-2024
337,@Otaku_Anime_Ind,"Jepang diguncang gempa berkekuatan magnitudo , pada hari pertama . Badan Meteorologi dan Geofisika Jepang mengeluarkan peringatan tsunami hingga lima meter, peringatan tsunami itu dikeluarkan untuk sepanjang pantai barat di prefektur Ishikawa, Niigata, dan Toyama",01-01-2024
338,@mrjeffu,"Video of the earthquake as it was experienced in Nagano, which is quite far from the epicenter of the earthquake that hit the Noto peninsula today.",01-01-2024
340,@mrjeffu,"Video of the aftermath of the earthquake that just hit Japans Noto peninsula, shared by someone who works for the Matsunami Sake brewery",01-01-2024
341,@nexta_tv,Several earthquakes of up to . magnitude have struck Japan A tsunami threat has been announced on the countrys west coast.,01-01-2024
342,@Top_Disaster,"Moment of the strong . M earthquake in Noto of Ishikawa, Japan .. TELEGRAM JOIN",01-01-2024
343,@imAdityaRathore,.-magnitude earthquake hits western Japan. Tsunami warnings have been issued. The quake occurred at JST in Noto area. Government said they are checking for any irregularities at nuclear power plants. Japan earthquakes japanese japannews biden,01-01-2024
345,@MyLordBebo,"Details about the powerful . magnitude earthquake in Japan. Local media write that mass evacuation is underway on the west coast of the country due to the threat of a tsunami. Waves over . meters high have already reached the Noto Peninsula, where a five-meter tsunami",01-01-2024
346,@WeatherWupk,"JUST IN JAPAN HAD OVER EARTHQUAKES IN TWO HOURS Noto, Ishikawa Prefecture - ., ., ., ., ., ., ., ., ., ., ., ., ., ., ., ., ., ., ., ., ., ., ., . Off the Coast of Noto Peninsula - ., ., ., ., .,",01-01-2024
347,@Marchfoward,"TERKINI Gempa bumi berlaku lagi berhampiran Semenanjung Noto, Jepun",01-01-2024
349,@ChuckCallesto,"BREAKING NOW Major Tsunami Warning Issued for Japan after . magnitude earthquake hits just north of the Mainland.. DEVELOPING.. Residents told TO EVACUATE after strong earthquakes.. Waves as high as five meters, or feet, could hit the shores of the Noto region of",01-01-2024
355,@JapanEmb_Arg,"El a las h se produjo un terremoto de magnitud , con epicentro en Noto, Pref. de Ishikawa y siguen las replicas en zonas cercanas El sismo registro una intensidad escala de a Segui las indicaciones de y ultimas noticias en",01-01-2024
481,@Tendar,"The year starts with a relative strong earthquake in Japan. According to USGS, a M. quake rocked the north of the Ishikawa prefecture. Tsunami warning along the entire Western coast of Japan. Operations of the Shinkansen and every other train services in the immediate area of",01-01-2024
482,@HollowDreams01,"BREAKING Footage A major .-magnitude earthquake occurred in Japan. Footage from the local Shinkansen station in Ishikawa prefecture, extremely powerful shaking! earthquake A tsunami warning has also been issued. deprem sismo",01-01-2024
483,@Fala_Babi,Que triste gente Tsunami atinge Ishikawa no Japao apos o terremoto M.. de janeiro Terremoto comecou assim,01-01-2024
485,@TimesAlgebraIND,BREAKING Waves recorded breaking over the seawall in Ishikawa prefecture amid Tsunami warning in Japan. Japan Earthquake Tsunami,01-01-2024
486,@TPV_John,BREAKING! Ishikawa Prefecture region of Japan rings in the New Year with a . Magnitude Earthquake causing hazardous tsunamis up and down the Western coast. Pray for Japan!,01-01-2024
487,@CaptainKantor,"Ishikawa prefecture, west coast of Japan experienced . magnitude earthquake and numerous after shocks. First major Tsunami warning has been issued since . Just watching this would score the living daylights out of you.",01-01-2024
489,@mrjeffu,Video it looks like the stone lanterns at Ishikawas Onominato Shrine nearly fell over during todays earthquake.,01-01-2024
490,@mrjeffu,The earthquake that hit Ishikawa today was so strong that it apparently knocked over the stone lantern at the Sanjoso Hachimangu Shrine up the coast in Niigata prefecture. Niigata recorded an earthquake intensity of on the JMA scale,01-01-2024
491,@RRcarlos24,"El empieza con fuerza, un terremoto en la region de Ishikawa Japon, de magnitud .-. con una sucesion de terremotos en min causa destrozos en Japon. Se activo la amenaza de Tsunami en la costa occidental del pais.",01-01-2024
492,@CBSNews,"A powerful . magnitude earthquake struck Japans west coast near Ishikawa, causing dozens of building to collapse. A tsunami warning has been issued, urging coastal residents in the region to evacuate.",01-01-2024
494,@mrjeffu,Video NHK has aired this frightening footage of a building collapsing in Ishikawa during todays earthquake. It registered as on the JMA Seismic Intensity Scale.,01-01-2024
495,@jeogaste,"Son Dakika un ilk buyuk deprem i Japonyanin Ishikawa bolgesinde yarm saat once . buyuklugunde cok siddetli deprem meydana geldi! dk sonra . buyuklugunde bir artc sok oldu Deprem, Kanazawa ve Toyama gibi yogun nufuslu sehirlere yakn earthquake japan",01-01-2024
496,@Rainmaker1973,"An entire bridge detaching from the road. It happened today at local time after an M. earthquake hit the prefectures of Ishikawa, Niigata and Toyama in Central Japan. Yeye",01-01-2024
497,@Top_Disaster,"More videos Destruction aftermath the terrible . M earthquake hits Kanazawa of Ishikawa Prefecture, Japan Video Axxx_ X TELEGRAM JOIN",01-01-2024
500,@MagandangHapon,Tsunami now in Toyama Prefecture! Higher tsunami is expected in Ishikawa Prefecture. Please be safe,01-01-2024
501,@IndoPac_Info,Japan Earthquake Waves recorded breaking over the seawall in Ishikawa prefecture amid Tsunami warning in Japan. Via Insider Paper.,01-01-2024
502,@AlertaNews24,"La region de Ishikawa en Japon registro sismo de , magnitud, generando alertas de tsunami en toda la costa occidental del pais.",01-01-2024
504,@Buritica_news,"ULTIMA HORA La region de Ishikawa Japan recibio el , con una sucesion de terremotos, el mas poderoso que se registro fue de . grados, generando alertas de tsunami en toda la costa occidental del pais. earthquake Terremoto",01-01-2024
505,@Top_Disaster,"The video footage aftermath the terrible earthquake at shopping mall in Komatsu of Ishikawa, Japan .. Video Picpic Cypcyp TELEGRAM JOIN",01-01-2024
509,@greghill,Tsunami warnings are in place for all prefectures with coasts facing the Sea of Japan. Japanese TV urging people to run immediately to higher ground! This is serious. m waves expected in Ishikawa. japan earthquake,01-01-2024
510,@EmergenciasEc,"Asi amanece la region de Ishikawa en Japon, con mas de terremotos, el mas poderoso que se registro fue de . grados, generando alertas de tsunami en en todo el pais",01-01-2024
512,@dulcefer12,"Arranca con un Terremoto . en Japon, Ishikawa. A las hora local. Hay alerta de tsunami.",01-01-2024
514,@UnseenJapanSite,"A major earthquake just hit directly north of Ishikawa Prefecture on the Sea of JapanEast Sea, with shaking measuring at a on the Japanese seismic scale. Areas in Japans Hokuriku region experienced major shaking. A tsunami warning is now in effect.",01-01-2024
515,@krassenstein,"Its not a Happy New Year in Japan, unfortunately, after a MASSIVE .-magnitude AND another . magnitude earthquake has struck the country. This has sparked serious Tsunamis warnings up and down the coasts. The video below is from the coastal town of Uchinada in Ishikawa,",01-01-2024
516,@IndoPac_Info,"Japan Earthquake Major damage reported in the coastal town of Uchinada in Ishikawa, Japan after . magnitude earthquake. Via Insider Paper.",01-01-2024
517,@TheInsiderPaper,"WATCH Major damage reported in coastal town of Uchinada in Ishikawa, Japan after . magnitude earthquake",01-01-2024
518,@WxNB_,BREAKING Japan Meteorological Agency says a powerful .-magnitude earthquake has struck Ishikawa Prefecture. Credit HAB,01-01-2024
519,@TheInsiderPaper,"BREAKING Video from the local station in Ishikawa prefecture, Japan extremely powerful shaking amid major earthquake earthquake Japan Tsunami",01-01-2024
520,@MarioNawfal,"MASSIVE DAMAGE REPORTED SERIES OF EARTHQUAKES HIT JAPAN ., ., and . magnitude earthquakes hit Anamizu, a coastal town in Ishikawa area of central Japan, home to about , residents. Evacuation orders and tsunami warnings issued for the region. Source AP",01-01-2024
521,@SasslaMx,"UltimaHora Se registra sismo magnitud . en la Prefectura de Ishikawa, Japon. Hay alerta de tsunami local. Se esperan olas de entre y metros de altura. Informacion en desarrollo.",01-01-2024
523,@TheInsiderPaper,BREAKING Waves recorded breaking over the seawall in Ishikawa prefecture amid Tsunami warning in Japan,01-01-2024
525,@MarioNawfal,"BREAKING EVACUATION ORDERS MASSIVE EARTHQUAKE HITS CENTRAL JAPAN Immediate evacuation orders issued for the western coastal areas of Niigata, Toyama, and Ishikawa following a . magnitude earthquake in Ishikawa Prefecture. Tsunami warnings in effect for the Japan Sea",01-01-2024
529,@visegrad24,"Damages in the town of Uchinada in Ishikawa, Japan after todays . magnitude earthquake",01-01-2024
532,@GeotechTips,"Un potente terremoto de magnitud , sacudio la costa oeste de Japon cerca de Ishikawa, provocando el derrumbe de decenas de edificios. Se ha emitido una alerta de tsunami, instando a los residentes costeros de la region a evacuar. Via",01-01-2024
534,@AreliPaz,Despues de las de la tarde hora de Japon un sismo magnitud . se registro en la prefectura de Ishikawa. Hay alerta de tsunami en la zona.,01-01-2024
536,@NHKWORLD_News,"A massive earthquake has struck Ishikawa Prefecture, central Japan. A tsunami warning has been issued for Niigata, Toyama, Ishikawa prefectures of the Japan Sea side of the country. People in these area must evacuate immediately.",01-01-2024
539,@EN_NERV,"Earthquake Flash Report An earthquake occurred at around pm. The following intensities were measured. Int. Ishikawa Noto Int. - Niigata Chuetsu Int. Niigata Joetsu, Niigata Kaetsu, Niigata Sado, Eastern Toyama, Western Toyama, Ishikawa Kaga, Fukui Reihoku...",01-01-2024
543,@mrjeffu,Breaking a very strong earthquake has just hit Ishikawa. Im on the other side of the country and still felt it. The long length of the shaking reminded me of .,01-01-2024
563,@NHKWORLD_News,"A massive magnitude-. earthquake has struck Ishikawa Prefecture, in central Japan, A tsunami warning is now in effect for the prefecture and other prefectures around the region, and officials are urging caution. Visit for updates",01-01-2024
564,@warabe_show,"! Today pm, There was an with a seismic intensity of in ISHIKAWA Prefecture. Tsunamis have hit many times, and houses have collapsed,buried alive,the road is collapsing! We may request help and support from people around the world. Sorry",01-01-2024
565,@harrysugiyama,"Major tsunami alert RIGHT NOW on the coast of Ishikawa. Tsunamis are lethal, they escalate. EVACUATE IMMEDIATELY. Get away from the coast NOW. for english info put on NHK which provides an English subchannel. press the button!",01-01-2024
569,@cloverblossoms_,Tsunami warnings are in place for all prefectures with coasts facing the Sea of Japan after a massive magnitude . earthquake has struck Ishikawa Prefecture.,01-01-2024
571,@spectatorindex,BREAKING New earthquake of over . magnitude in Ishikawa region of Japan,01-01-2024
572,@NHKWORLD_News,"A massive magnitude-. earthquake has struck Ishikawa Prefecture, in central Japan, along the Japan Sea coast. People in those areas must evacuate immediately.",01-01-2024
573,@NHKWORLD_News,"A massive magnitude-. earthquake has struck Ishikawa Prefecture, in central Japan, along the Japan Sea coast. People in those areas must evacuate immediately. An expert warns that strong tremors may continue. Visit for updates",01-01-2024
575,@NHKWORLD_News,"A massive magnitude-. earthquake has struck Ishikawa Prefecture, in central Japan, along the Japan Sea coast.",01-01-2024
576,@CNBCTV18Live,"BreakingNews Tsunami warning issued in Ishikawa Prefecture, Japan, after . magnitude quake hits Central Japan",01-01-2024
581,@AbroadInJapan,"A very nasty earthquake on Japans west coast today. If youre in the area of Ishikawa Prefecture in particular Kanazawa city, be aware theres a major tsunami warning of potentially - meters. Stay safe and get to high ground if youre along the west coastline between",01-01-2024
582,@konotaromp,"A massive earthquake has hit Ishikawa Prefecture. A large tsunami warning has been issued for Ishikawa Prefecture. Tsunami warnings were also issued for Niigata, Toyama, Yamagata, Fukui and Hyogo prefectures on the Japan Sea coast.",01-01-2024
583,@NHKWORLD_News,"A massive magnitude-. earthquake has struck Ishikawa Prefecture, in central Japan, along the Japan Sea coast. People in those areas must evacuate immediately. For updates, visit",01-01-2024
584,@NHKWORLD_News,"A massive magnitude-. earthquake has struck Ishikawa Prefecture, in central Japan, along the Japan Sea coast. People in those areas must evacuate immediately. Visit for updates",01-01-2024
585,@NHKWORLD_News,Officials of Ishikawa Prefectures Suzu City say they have confirmed several houses and power poles have collapsed following a magnitude . quake Monday afternoon.,01-01-2024
588,@record_mexico,"MUCHA FUERZA! Tras transcurrir las primeras horas del a las horas hora local, un fuerte terremoto sacudio toda la costa de Ishikawa, lugar del epicentro. Aqui los detalles",01-01-2024
589,@dw_espanol,"Alerta de Tsunami en Japon Las autoridades japonesas piden a la poblacion evacuar toda la costa occidental por una serie de fuertes terremotos, con uno de , grados en Ishikawa incluido lgc Haga clic para mas informacion",01-01-2024
590,@lopezdoriga,"Terremoto magnitud . golpeo la prefectura de Ishikawa, en el litoral occidental de Japon, y activo una alerta por tsunami en buena parte del archipielago, ademas de causar importantes danos y dejar sepultadas al menos a seis personas bajo los escombros",01-01-2024
662,@FreeAll_protest,"Electric poles are falling as earthquake warning alerts ring out in the Noto region of Ishikawa Prefecture, Japan. seismic intensity ,",01-01-2024
673,@RochexRB27,"JAPON URGENTE Imagenes de como se percibio el sismo de magnitud . que se registro en la region Noto, Prefectura de Ishikawa. Hay alerta de tsunami. RochexRB earthquake Terremoto Temblor Japan",01-01-2024
696,@RochexRB27,"URGENTE Sismo de magnitud . sacude la costa de Japon. El movimiento telurico se registro en la region Noto, Prefectura de Ishikawa. earthquake Terremoto Temblor Japan",01-01-2024
702,@CarolineCoramUK,"Significant repeating earthquake activity in the Noto Ishikawa region of Japan One of our trackers Calamity Jane on SkyEarth has been picking up continued high levels of gridding over Japan for the last month, possibly longer. This has largely been in this central Japan area",01-01-2024
755,@waccawheels,"ONGOING EARTHQUAKETSUNAMI IN NOTO REGION, JAPAN Earthquake may recur for several days, can become stronger. Tsunami on the west coast Sea of JapanEast Sea of Korea reaches QUICKLY. Please be alert and MILES AWAY from the ocean and river mouths if youre in the region.",01-01-2024
774,@odishabhaskar,Japan Downgrades Major Tsunami Warning To Tsunami Warning For Noto Region Japan Tsunami Earthquake Ishikawa JapanTsunami JapanEarthquake SeismicActivity Russia Korea BreakingNews Sismo NotoRegion,01-01-2024
781,@notimundoec,"URGENTE Un terremoto de magnitud . sacudio este de enero a Japon. El epicentro se registro en la peninsula de Noto. En varios sectores del pais se emitio la alerta de tsunami, y se registran cortes de energia.",01-01-2024
783,@KidNqv,"Around PM on the st, a powerful earthquake with a maximum intensity of was observed in Ishikawa Prefecture. According to the Japan Meteorological Agency, the epicenter was in the Noto region of Ishikawa Prefecture, with an extremely shallow depth. The magnitude of the",01-01-2024
784,@FREEDOMWWGIWGA,"A . magnitude earthquake in Japan generated a tsunami, power outages and landslides that left people trapped There were earthquakes in minutes and the strongest had its epicenter in Noto, in Ishikawa. They caused fires and massive power outages,",01-01-2024
787,@rumireports,The owner of a sake brewery near the epicenter of the Ishikawa earthquake shows collapsed buildings nearby. Can hear her hoping to salvage any of the remaining sake. Kimana Seiko of Matsunami Sake Brewery in Noto. Verified via Storyful,01-01-2024
788,@t_k_happiness,"At around pm today, there was a strong earthquake with its epicenter in the Noto region of Ishikawa Prefecture. The depth of the epicenter is extremely shallow, and the magnitude, which indicates the scale of the earthquake, is estimated to be ..",01-01-2024
790,@shahinu_r,"Serious damage was reported in Noto, a town near the epicenter. earthquake Ishikawa Japan",01-01-2024
791,@ASUVARNA66,"A video capturing the earthquakes impact in Nagano, despite the epicenter being quite distant from the Noto peninsula where the earthquake struck today. Japan Tsunami NewYear earthquake",01-01-2024
793,@in_the_name_of,"Earthquake with its epicenter in the Noto region of Ishikawa Prefecture. The depth of the epicenter was very shallow, the magnitude of the earthquake was M., and a maximum seismic intensity of was observed in Ishikawa Prefecture. A major tsunami warning is being issued.",01-01-2024
794,@Hsnain901,"VIDEOWatch the startling video of the earthquake felt in Nagano,japan despite its distance from the epicenter at the Noto Peninsula.",01-01-2024
795,@BrownHasher,"Just sat through the longest earthquake I have ever felt, not too severe over here in Tokyo but it was a . at the epicenter near Noto in Ishikawa, hoping the damage over there is minimal and that everyone is safe",01-01-2024
797,@CaliesCaliCOL,"INTERNACIONAL Un terremoto de magnitud . grados sacudio este de enero la region de Noto, en Ishikama, Japon, segun el Servicio Geologico de Estados Unidos.",01-01-2024
798,@ilustrador,"Tras ser golpeado por el oleaje del Tsunami, asi lucen las calles de un poblado de la peninsula de Noto, en Japon Terremoto sismo Temblor earthquake",01-01-2024
804,@MundoEConflicto,"AHORA Danos de consideracion en Noto, Japon, debido al fuerte terremoto.",01-01-2024
805,@MHNewsDaily,"A video capturing the earthquakes impact in Nagano, despite the epicenter being quite distant from the Noto peninsula where the earthquake struck today. Japan Earthquake Tsunami NewYear",01-01-2024
807,@anees_tareen,"A video capturing the earthquakes impact in Nagano, despite the epicenter being quite distant from the Noto peninsula where the earthquake struck today. Japan Earthquake Tsunami NewYear",01-01-2024
810,@shiningworld8,"On January st, around PM, a strong earthquake with a maximum intensity of was observed in Ishikawa Prefecture, Shika Town. The epicenter was in the Noto region, with a shallow depth, and the estimated magnitude is ., according to the Japan Meteorological Agency.",01-01-2024
811,@WAQASMmughall,Video of a river becoming like the inside of a washing machine due to the effects of an earthquake Tsunami m Earthquake safe Earthquake warning Ishikawa earthquake Ishikawa epicenter Ishikawa seismic intensity Noto earthquake Ishikawa safe .......,01-01-2024
813,@robotopia,"In July I visited Suzu City, near the epicenter of todays .-magnitude quake in Japan, and was surprised to see warnings like this on many buildings. The remote community at the end of the Noto Peninsula had suffered another big quake in May that left one dead and injured",01-01-2024
814,@aliwritespk,"A video capturing the earthquakes impact in Nagano, despite the epicenter being quite distant from the Noto peninsula where the earthquake struck today. Japan Earthquake Tsunami NewYear",01-01-2024
815,@mobin_911,"Video of the earthquake as it was experienced in Nagano, which is quite far from the epicenter of the earthquake that hit the Noto peninsula today. Tsunami japan earthquake NewYear",01-01-2024
817,@fleur_2021,"At around , an earthquake with its epicenter in the Noto region of Ishikawa Prefecture. M.A big tsunami is coming. Please evacuate to a high place",01-01-2024
819,@janisfrayer,Update from Japan major tsunami warning for Noto region near epicenter of M. earthquake revised to tsunami warning. Officials still on high alert and urging vigilance for possible similar strength quake in next - days given areas record of seismic activity.,01-01-2024
822,@kennedytetteh,"Although very shallow a major earthquake of Magnitude . has hit Noto, Ishikawa prefecture in Japan. Early warning of Tsunami to hit the epicenter. Residents advised to evacuate to higher grounds! Japan",01-01-2024
834,@maskedfools,"just now there were earthquakes in succession in noto in ishikawa and they were already the epicenter of the magnitude . earthquake earlier this afternoon, please pray for them, oh my god",01-01-2024
837,@say_Q_meisai,"A huge earthquake occurred in the Noto region of Japan. Although I am about km away from the epicenter my parents home, I am safe.",01-01-2024
842,@JRE_Super_Exp_E,--,01-01-2024
843,@S_Kgamesdao,"Switched to major tsunami warning. Please evacuate immediately. Information about the epicenter!! An earthquake occurred at around with its epicenter in the Noto region of Ishikawa Prefecture. The epicenter is very shallow, the magnitude of the earthquake is M.",01-01-2024
847,@_great_yota_,"Its been the start of a difficult year... If you are in the affected areas near the epicenter of the Noto Peninsula, please be careful and ensure your safety first.",01-01-2024
848,@saesaemadam1,"At around p.m. on January , a magnitude . earthquake occurred with its epicenter in the Noto region of Ishikawa Prefecture. At this time, we have not confirmed any impact of the earthquake on the Fukushima Daiichi and Daini Nuclear Power Plants and our main power system.",01-01-2024
849,@extrapolatemate,"An estimated . magnitude earthquake just struck Japan today. Epicenter Noto, Ishikawa Prefecture, depth very shallow and a Tsunami warning has been issued. Terrible start to the new year.",01-01-2024
851,@Nataly85416778,--,01-01-2024
852,@AbelTaiti,"EMERGENCY TSUNAMI WARNING in Japan. January , A tsunami warning has been issued. Please evacuate immediately. The epicenter of the earthquake was located in the Noto region of Ishikawa Prefecture at around . The depth of the epicenter is very shallow, and the",01-01-2024
854,@purple_kiyo21,OhEarthquakescary...The room shook....The epicenter is the Noto Peninsula. I live in so far place but so scary. I hope everyone is safe...,01-01-2024
859,@melange82,Ishikawa the prefecture closest to the epicenter of the earthquake is where I went to for my summer JP language program back in the day... The profs arranged for us student all to go up to Noto peninsula for a trip too...,01-01-2024
862,@koheinet608,"At around p.m. on January , there was an earthquake of intensity in Shiga Town, Ishikawa Prefecture. The epicenter was in the Noto region of Ishikawa Prefecture, and the depth of the epicenter was very shallow.The magnitude of the quake is estimated to be . on the",01-01-2024
864,@SaylorTwiftArt,"Pretty big earthquake . hit noto, ishikawa prefecture. Felt it pretty good down here in nagoya, but were in no danger of tsunami. Tsunami warnings of up to m near the epicenter",01-01-2024
866,@chokopai17,"There is an earthquake tsunami warning with the epicenter in Noto, Ishikawa Prefecture. I think there will be aftershocks in the future. Take care, everyone. On the way home, etc. various things,transportation, etc. Please be careful on your way home. Please evacuate",01-01-2024
867,@feed_economy_jp,"An earthquake has struck Japan. The epicenter of the earthquake was in the Noto region of Ishikawa Prefecture, with a very shallow epicenter and an estimated magnitude of ..",01-01-2024
869,@kiranjoshi235,"With audio Tsunami information January , The tsunami warning has been partially lifted. Information about the epicenter At around on the st, an earthquake occurred with its epicenter in the Noto region of Ishikawa Prefecture. Japon JapanEarthquake japan",01-01-2024
870,@HaydenSchiff,"from Matsunami, an area of Noto town maybe - miles from the epicenter",01-01-2024
871,@Write7Dave,"Tsunami warning issued after powerful earthquake strikes Japan An earthquake with a preliminary magnitude of . struck at about p.m. local time, with its epicenter on the Noto Peninsula, along the Sea of Japan, according to U.S. Geological Survey",01-01-2024
872,@tkhs1975,"The Noto Peninsula Earthquake of occurred with a magnitude of . and its epicenter was in the Noto Peninsula in Ishikawa Prefecture. Shiga Town, Hakui District experienced a seismic intensity of , four cities including Wajima City experienced a seismic intensity of , and",01-01-2024
874,@n_n0819,Attention Japanese Travelers A tsunami warning has been issued. Please evacuate now! Information on the epicenter Earthquake centered in the Noto region of Ishikawa Prefecture at approximately .,01-01-2024
875,@nthusharon,"Earthquake epicenter At around , an earthquake of magnitude . occurred in the Noto region of Ishikawa Prefecture. The depth of the epicenter was extremely shallow, reports of continuous aftershocks are emerging ...",01-01-2024
876,@emergencyinc2,Earthquake occurrence date and time January st around Epicenter name Ishikawa Prefecture Noto region depth very shallow magnitude M. Japan Earthquake live camera in IshikawaPrefecture,01-01-2024
883,@WIONews,"Gravitas Japan was jolted by a . magnitude earthquake on January st, , with its epicentre in the Noto region. The quake triggered fires, building collapses, and violent shaking of trains. Eyewitness videos captured the moment high waves hit Japans coast, raising fears Show more",01-01-2024
927,@abcnews,Tsunami warnings issued in Japan following magnitude-. earthquake A tsunami of up to five metres high is believed to be reaching Noto in the Ishikawa Prefecture more than km west of Tokyo according to Japans Meteorological Agency.,01-01-2024
1061,@MillieParfait,I didnt feel the earthquake today but a lot of people messaged me if I am okay and yes I am ok! I got confused until I saw the news! Please stay safe everybody and make sure you guys watch out for the news especially if youre in the affected area!,01-01-2024
9,@GeotechTips,"Imagenes del tsunami avanzando por canales en la peninsula de Noto, Ishikawa, Japon , producto de sismo de magnitud ..",02-01-2024
11,@VerdadeseNadaMa,"Japao Um terremoto de magnitude , na Peninsula de Noto, na provincia de Ishikawa, foi o mais forte a atingir a regiao desde . Um alerta de tsunami foi emitido pela primeira vez desde , quando um terremoto devastador no nordeste do pais matou mais de mil pessoas.",02-01-2024
20,@asalmendez,Que pensarian si les contara que en un equipo de geofisicos japoneses publico en la revista Scientific Reports un articulo en el que analizan el mecanismo que podria haber originado el sismo de .Mw que azoto hoy a Japon? El articulo se titula Episodic transient,02-01-2024
34,@EN_NERV,"Tsunami Advisory , am The Tsunami Advisory has been updated. Waves of up to m are expected. Those near coastal areas, rivers, or lakes should evacuate to higher ground immediately. tsunami",02-01-2024
49,@asalmendez,Increible !!! Los datos de GPS e interferometria arrojaron que en esta zona del noroeste de la peninsula de Noto en Japon la tierra se desplazo alrededor de m. Ahora las imagenes satelitales corroboran las observaciones y muestran que toda esta zona se levanto despues del,02-01-2024
66,@kaga_oren,"This is the current frequency of earthquakes. help me. too scary. Its always been like this. Both my little sister and the dog are crying. Neither my parents nor I can sleep. what will happen to us? History Occurrence time January , , Epicenter Noto region,",02-01-2024
73,@EN_NERV,"Earthquake Early Warning A large earthquake has occurred near Noto, Ishikawa Prefecture. Prepare for strong shaking in the areas of Ishikawa. earthquake",02-01-2024
110,@wecandaoit,We extend our condolences to those affected by the Noto Peninsula earthquake and are accepting donations for the relief efforts at this wallet address. Wallet address for donations xdfAaceaEeddd n,02-01-2024
178,@StarlayChan,"SCI is committed to supporting the Noto Peninsula Earthquake relief efforts in Japan. Weve submitted a proposal which contributes , from s treasury to help those affected by this disaster.",02-01-2024
230,@c7ob4ra,Latest earthquake information in Japan Number of deaths Tsunami warning has been canceled Land routes to the affected area have been cut off. Rescue operations are mainly carried out by air. Many people missing in many towns on the Noto Peninsula due to tsunami,02-01-2024
235,@The_Japan_News,", Ground Self-Defense Force Personnel Begin Rescue Operations in Affected Areas of Noto Peninsula Earthquake",02-01-2024
294,@SchoonerAmi2022,"A series of earthquakes hit the Noto Peninsula in Ishikawa Prefecture on January , causing minor tsunami, several fires and significant infrastructure damage in various parts of Ishikawa Prefecture. Further aftershocks remain a possibility and transport links are disrupted.",02-01-2024
305,@WIONews,JapanEarthquake Earthquake damages road near port in Japans Noto region WIONOriginals,02-01-2024
306,@ChaudharyParvez,Todays Video- Earthquake damages road near port in Japans Noto region At least people were killed after a powerful earthquake hit Japan on New Years Day. Video- Seiji Minami IshikawaPrefecture Japan JapanEarthquake deprem sismo Japon Tsunami,02-01-2024
314,@NewsX,"JapanEarthquake A powerful . magnitude earthquake struck Japan on New Years Day, triggering tsunami waves and causing extensive damage on the Noto Peninsula. Rescue teams face challenges reaching isolated areas with toppled buildings and disrupted roads. Prime Minister",02-01-2024
316,@NikhilT37865100,Todays Video- Earthquake damages road near port in Japans Noto region At least people were killed after a powerful earthquake hit Japan on New Years Day. Video- Seiji Minami IshikawaPrefecture Japan JapanEarthquake deprem sismo Japon Tsunami,02-01-2024
344,@afpfr,"Une course contre la montre a commence au Japon pour retrouver des survivants apres un seisme qui a devaste hier la peninsule de Noto, dans le centre du pays, faisant morts selon le dernier bilan provisoire AFP AFPVertical",02-01-2024
348,@TheInsiderPaper,"BREAKING Earthquake with a magnitude of . occurred near Noto, Ishikawa Prefecture in Japan.",02-01-2024
350,@japantimes,"Scenes of the aftermath of a powerful earthquake, registered at the highest level on Japans intensity scale, that struck Ishikawa Prefectures Noto Peninsula as the nation was marking New Years Day.",02-01-2024
353,@japantimes,"BREAKING An earthquake registering magnitude ., a strong on the Japanese shindo scale, hit the Noto Peninsula, Ishikawa Prefecture, on the north coast of central Japan, at a.m. This area was hit by a massive . quake on Monday afternoon.",02-01-2024
503,@AbroadInJapan,"While I planned to start this year with a positive post looking back at , instead I want to wish everyone well living in Ishikawa and the Noto Peninsula, who experienced a powerful magnitude . earthquake today on Japans west coast. A sad and unfortunate start to .",02-01-2024
511,@MiguelTorrucoG,"ULTIMA HORA TERREMOTO AZOTA JAPON La region de Ishikawa en Japon recibio el , con una sucesion de terremotos, el mas poderoso que se registro fue de . grados, generando alertas de tsunami en toda la costa occidental del pais.",02-01-2024
526,@ndtv,"JapanEarthquake Japan Hit By Earthquakes In A Day, Dead, Several Injured - US Geological Survey said the quake, which struck Ishikawa prefecture, had a magnitude of .. - Waves at least . metres high hit the port of Wajima - Around , households in the region",02-01-2024
537,@ActualidadRT,"El sismo de magnitud , ocurrido en la prefectura japonesa de Ishikawa fue el mas fuerte desde que comenzaron los registros en el pais en , informan medios locales citando a la Agencia Meteorologica de Japon.",02-01-2024
566,@NHKWORLD_News,"Following Mondays magnitude . earthquake in Ishikawa Prefecture on the Sea of Japan, seismic activity has been observed continuously in the area.",02-01-2024
570,@NHKWORLD_News,A magnitude-. earthquake struck Ishikawa Prefecture in central Japan on Monday. The quake has left at least four people dead in the prefecture. Visit our live coverage page for the latest,02-01-2024
577,@NHKWORLD_News,"At least six people have been reported dead in Ishikawa Prefecture on the Sea of Japan, after a magnitude . earthquake struck the region on Monday afternoon.",02-01-2024
579,@CNN,"At least people have died in Japans Ishikawa prefecture following a . magnitude earthquake, local authorities say. Follow live updates.",02-01-2024
580,@cnnbrk,"At least people have died in Japans Ishikawa prefecture following a . magnitude earthquake, local authorities say. Follow live updates.",02-01-2024
658,@drjwalk,Not the way Japan hoped to start between a major earthquake in Ishikawa and flight accident at Haneda...praying for the victims and rescue efforts underway as we stand in solidarity with the people of Japan.,02-01-2024
682,@ZT_Followers,"Earthquake may have shifted land . meters The powerful earthquake that rocked Ishikawa Prefecture on Monday may have shifted land in the Noto region near the epicenter up to . meters to the west. Japans Geospatial Information Authority, known as GSI, analyzed GPS data",02-01-2024
683,@AtelierFelicia,I would like to express my deepest sympathies to everyone affected by the earthquake disaster in the Noto region of Ishikawa. africanfabrics ghana japan,02-01-2024
685,@kawataru_j,"M. earthquake on Japanese shindo scale Ishikawa pref, Noto region JST January No tsunami warning issued earthquake tsunami Ishikawa Japan",02-01-2024
689,@smartertapping,"Specialists estimate that the magnitude . earthquake in Japan moved the terrain of the Noto region about . m to the west, Japanese officials believe Mondays powerful earthquake moved the ground in the Noto region by up to .m to the west, according to Sky News. Japans",02-01-2024
690,@yuzuspiration,"Currently, they are not dealing with donations, but here are their suggestions for the Noto region earthquake",02-01-2024
724,@NHKWORLD_News,The powerful earthquake that rocked Ishikawa Prefecture on Monday may have shifted land in the Noto region near the epicenter up to . meters to the west.,02-01-2024
725,@PhilstarNews,"A badly damaged building can be seen along a street in the city of Wajima, Ishikawa prefecture on January , , after a major . magnitude earthquake struck the Noto region in Ishikawa prefecture in the afternoon. Tsunami waves over a meter high hit central Japan on January",02-01-2024
729,@yuzuspiration,This is the Japan NPO that some of us fanyus donate to during Yuzus birthday. Their thread mentions volunteer recruitment and donations for the Noto region earthquake. Please take a look.,02-01-2024
734,@ftfKcGSnUSyQf0k,"Man-made earthquakes. In Japan, a colony of the Illuminati, there was a large earthquake in the Noto region of Ishikawa Prefecture just after pm on January st. Evil people artificially cause disasters and take peoples lives and livelihoods. EU",02-01-2024
741,@inquirerdotnet,"LOOK This aerial photo shows buildings burning in Wajima, Ishikawa prefecture, on January , , after a . magnitude earthquake struck the Noto region in Ishikawa prefecture in the afternoon. Tsunami waves over a meter high hit central Japan on January after a series of",02-01-2024
742,@Sakura_Ishadoh,"Heres a link to the Yahoo Funding website, for those looking for ways to help the people affected by the earthquake in the Noto region. Yahoo! - Yahoo!",02-01-2024
745,@Mario_HY_KKe_EK,"There was big earthquake in Noto region. People living there, be careful because There are still some earthquakes and Tsunami alert is still continuing",02-01-2024
749,@inquirerdotnet,"LOOK The major . magnitude earthquake that struck the Noto region in Ishikawa prefecture in Japan on Jan. , , has killed at least six people and left a trail of destruction. Fred Mery AFPTV AFP Read more",02-01-2024
751,@norishikata,"Earthquake may have shifted land . meters NHK WORLD-JAPAN News The powerful earthquake that rocked Ishikawa Prefecture on Monday may have shifted land in the Noto region near the epicenter up to . meters to the west. Japans Geospatial Information Authority, known as",02-01-2024
777,@cgtnafrica,"A magnitude-. earthquake hit Noto region in Japans Ishikawa Prefecture at a.m. local time on Wednesday, according to Japan Meteorological Agency.",02-01-2024
812,@ninja_padrino,"Waking up to news that tsunami warning still applies to entire Japan Sea side of Japan, highest level alert downgraded for area closest to Noto epicenter - still requires vigilance for possibility of additional quakes. For now, thankful no devastating tsunami has come",02-01-2024
824,@ninja_padrino,"Wajima, Ishikawa is km from Noto quake epicenter - a small town with population of , people and known for their lacquerware and morning market",02-01-2024
828,@AndyVermaut,Andy Vermaut sharesIn photos The aftermath of the New Years day quake in Japan A . magnitude earthquakewhich at its epicenter was ranked shindo the highest level on Japans intensity scale struck Ishikawa Prefectures Noto... Thank you.,02-01-2024
839,@girlie_mac,"I was back in my hometown near the epicenter a few months ago. And now, a large area of beautiful Noto is destroyed",02-01-2024
850,@prizzaaaa,"Eita essa pessoa disse que houve um tsunami na cidade de Noto e as midias nao estao divulgando! Essa vila foi inundada e casas inteiras desapareceram... Emissoras estao entrando em contato com a pessoa do post, parece q foi numa dessas cidades q so vivem idosos e por isso",02-01-2024
853,@JRE_Super_Exp_E,--,02-01-2024
858,@RobS____,The powerful earthquake that rocked Ishikawa Prefecture on Monday may have shifted land in the Noto region near the epicenter up to . meters to the west.,02-01-2024
860,@DottirGongu,"New updated land shift The powerful earthquake that rocked Ishikawa Prefecture on Monday caused crustal changes of up to meters in the Noto region near the epicenter. Japans Geospatial Information Authority, GSI, analyzed crustal movements before and after ...",02-01-2024
868,@Symbol_XYM_G,"To everyone overseas. At around on January , , an earthquake occurred with the epicenter on the Noto Peninsula in Ishikawa Prefecture, and shaking with a seismic intensity of and a magnitude of . was observed. NEMTUS take seriously the serious damage caused by",02-01-2024
879,@asalmendez,"Estoy leyendo un articulo bien jugoso de lo geofisicos japoneses, la verdad no se andan con medias tintas cuando se trata de mecanismos formadores de sismos. En un ratito les comparto un resumen que podria dar pistas del origen del sismo . Mw en la peninsula de Noto. Japon.",02-01-2024
880,@Michael45231497,Japa - The powerful earthquake that rocked Ishikawa Prefecture on Monday caused crustal changes of up to meters in the Noto region near the epicenter.,02-01-2024
886,@LatuffCartoons,--,02-01-2024
888,@asalmendez,Que pensarian si les contara que en un equipo de geofisicos japoneses publico en la revista Scientific Reports un articulo en el que analizan el mecanismo que podria haber originado el sismo de .Mw que azoto hoy a Japon? El articulo se titula Episodic transient Show more,02-01-2024
944,@Cecalli_Helper,HEPCO Japan operator of Shika nuclear power plant in quake-hit Ishikawa Prefecture says systems to supply electricity to the facility from outside sources remain partially unusable. Noto earthquake Go GreenNewDeal nonukes tech security,02-01-2024
972,@business,LATEST At least people were killed and scores injured in a powerful earthquake that hit off the Noto Peninsula on Japans northwest coast,02-01-2024
975,@business,"At least six people were killed and others injured in a powerful earthquake that hit off the Noto Peninsula on Japans northwest coast, wrecking buildings, buckling roads and triggering fires Heres the latest",02-01-2024
976,@business,The death toll from a powerful earthquake that toppled buildings in the Noto Peninsula on Japans northwest coast rises to nearly as rescue workers search for survivors trapped under rubble,02-01-2024
977,@asalmendez,Increible !!! Los datos de GPS e interferometria arrojaron que en esta zona del noroeste de la peninsula de Noto en Japon la tierra se desplazo alrededor de m. Ahora las imagenes satelitales corroboran las observaciones y muestran que toda esta zona se levanto despues del Show more,02-01-2024
978,@kaga_oren,"This is the current frequency of earthquakes. help me. too scary. Its always been like this. Both my little sister and the dog are crying. Neither my parents nor I can sleep. what will happen to us? History Occurrence time January , , Epicenter Noto region, Show more",02-01-2024
982,@michiokaku,"I appeared on to discuss the terrible earthquake that struck the Noto Peninsula of Ishikawa Prefecture, Japan today. Watch the video here now for free. earthquake japanearthquake",02-01-2024
1015,@kyodo_english,Replying to,02-01-2024
1028,@NetZero_Earth,climate The death toll from a powerful earthquake that toppled buildings in the Noto Peninsula on Japans northwest coast rises to nearly as rescue workers search for survivors trapped under rubble,02-01-2024
1046,@TouTzuSays,The death toll from a powerful earthquake that toppled buildings in the Noto Peninsula on Japans northwest coast rises to nearly as rescue workers search for survivors trapped under rubble via,02-01-2024
1052,@climate,The death toll from a powerful earthquake that toppled buildings in the Noto Peninsula on Japans northwest coast rises to nearly as rescue workers search for survivors trapped under rubble,02-01-2024
1068,@BloombergAsia,The death toll from a powerful earthquake that toppled buildings in the Noto Peninsula on Japans northwest coast rises to nearly as rescue workers search for survivors trapped under rubble,02-01-2024
1069,@BloombergNRG,The death toll from a powerful earthquake that toppled buildings in the Noto Peninsula on Japans northwest coast rises to nearly as rescue workers search for survivors trapped under rubble,02-01-2024
2,@MacLesggy,Comment une construction antisismique se comporte pendant le seisme de Noto le . geniecivil,03-01-2024
38,@AlertaMundoNews,"ULTIMA HORA Se produce un nuevo sismo de magnitud , en la peninsula de Noto-Japon.",03-01-2024
40,@ActualidadRT,"Nuevo sismo de magnitud , sacude la peninsula de Noto en Japon",03-01-2024
77,@DeeNinis,"Observed uplift L Before earthquake, R After earthquake at Wajima Fishing Port km from the epicentre of the M. earthquake at Noto Peninsula Japan The Geospatial Information Authority of Japan now estimate this site experienced up to m of uplift",03-01-2024
91,@mrjeffu,An extremely sad clip from ANNs coverage of the Noto Earthquake this mans wife was on the first floor of his house when it collapsed. He called for help but was told there isnt enough rescue equipment and hes basically on a waiting list.,03-01-2024
93,@mrjeffu,Video Japan Ground Self-Defense Force vehicles are arriving at the Noto Peninsula to begin their earthquake relief mission. The yellow banners on each vehicle indicate the home base of the units that have been deployed.,03-01-2024
98,@mrjeffu,"Video Scenes of destruction uploaded by a resident of Suzu, a town on the Noto Peninsula, where an estimated of houses were destroyed by Mondays earthquake.",03-01-2024
99,@mrjeffu,This video shows what the roads are like on the Noto Peninsula after Mondays earthquake in Japan. The uploader says this was recorded near Anamizu City.,03-01-2024
111,@MarineTraffic,"Rescue Efforts Escalate in Wajima, Japan In response to the . magnitude earthquake in Japans Noto region, a robust rescue operation has been mobilised in the Wajima area, with Navy Coastal Guard vessels engaging in relief efforts along the tsunami-hit west coast.",03-01-2024
122,@amalgamidol,"vocaloid fans!! for you can get unreleased content from your favorite producers, all funds will be donated to relief efforts for the recent noto peninsula earthquake in a few participants ichii izu GoBS mizumizu namazu mashima yuro x punimaru utagawa shiki",03-01-2024
134,@DougDinsdale,Stone pillars and lanterns survived the Noto Peninsula Quake due to the foresight of their designers and constructers Rounded ends helped absorb the force.,03-01-2024
171,@EpicsDAO2,We have made a modest donation from our NFT sales to support the earthquake relief efforts in the Noto Peninsula. We hope this contribution provides some support to those affected,03-01-2024
243,@BangkokPostNews,"KYODO - At least people were killed in the powerful earthquake that jolted the Noto Peninsula and surrounding areas in central Japan on New Years Day, with rubble and severed roads still preventing search and rescue operations on Wednesday. Full stor...",03-01-2024
245,@GabbyWEUNV,"Japan Earthquake Death Toll Hits , Rescue Operations Underway Japan News Noto Quake INV JapaneseMilitary JapaneseMilitary JapaneseArmy Japan Video Multiple tremors have jolted Japan killing at least people since the quake first hit on...",03-01-2024
246,@ChinaNewsVideo,"Japan Earthquake Death Toll Hits , Rescue Operations Underway Japan News Noto Quake INV JapaneseMilitary JapaneseMilitary JapaneseArmy Japan Video Multiple tremors have jolted Japan killing at least people since the quake first hit on...",03-01-2024
255,@FujiiPonta,"At least people were killed in the powerful earthquake that jolted the Noto Peninsula and surrounding areas in central Japan on New Years Day, with rubble and severed roads still preventing search and rescue operations on January .",03-01-2024
262,@GulfTimes_QATAR,"At least people were killed in the powerful earthquake that jolted the Noto Peninsula and surrounding areas in central Japan, with ongoing difficulties in search and rescue operations due to debris and blocked roads. . . earthquakes Japan",03-01-2024
318,@CCTV_Plus,"Another series of earthquakes in Japans Noto Peninsula on Wednesday morning has inflicted more damage following a devastating quake on New Years Day, with the latest tremors causing cracks on road surfaces and even seeing some sections cave-in.",03-01-2024
354,@RTultimahora,"ULTIMAHORA Nuevo sismo de magnitud , sacude la peninsula de Noto en Japon",03-01-2024
356,@mrjeffu,"Video A huge landslide destroys several houses in Wajima. As days pass and evacuees make their way to safe places with stable internet connections, well probably hear more eyewitness accounts and see more footage of Noto Peninsula Earthquake.",03-01-2024
423,@woodpony1,Reiwa Morning of January rd Good morning Aftershocks with a seismic intensity of continue in the Noto Peninsula during the night. I pray that the time,03-01-2024
574,@volcaholic1,"At least people are confirmed dead and many more are feared trapped under collapsed houses after Mondays devastating earthquake in Ishikawa Prefecture, central Japan. Tens of thousands are still without electricity.",03-01-2024
578,@NHKWORLD_News,"Central Japan continues to be rocked by earthquakes following the deadly magnitude . temblor on New Years Day. Rescue operations are ongoing in hard-hit Ishikawa Prefecture, where officials say people are confirmed dead.",03-01-2024
586,@NHKWORLD_News,The Japanese government says at least hectares across two municipalities of Ishikawa Prefecture were flooded by tsunami following Mondays massive earthquake.,03-01-2024
677,@IndianExpress,"Japans north-central region of Noto experienced a .-magnitude earthquake that resulted in the triggering of tsunami waves, prompting authorities to urge people to evacuate. Japan has a history of facing such disasters, as evidenced by the earthquake and tsunami,",03-01-2024
692,@kawataru_j,"M. earthquake on Japanese shindo scale Ishikawa pref, Noto region JST January No tsunami warning issued earthquake tsunami Ishikawa Japan",03-01-2024
714,@ANAFlightInfo_e,"Domestic Bad Weather Alert for JAN . Akita low visibility, Hachijojima strong wind. Please note that due to the earthquake that occurred in the Noto region of Ishikawa Prefecture, flights tofrom Shonai, Niigata, Noto, Toyama, Komatsu airports may be affected. Latest",03-01-2024
769,@ABSCBNNews,"IN PHOTO A resident is carried out after being rescued by firefighters in the city of Suzu, Ishikawa prefecture, after a major . magnitude earthquake struck the Noto region in Ishikawa prefecture on New Years Day.",03-01-2024
816,@shaheen333777,The .-magnitude earthquake that struck Japans Noto peninsula on Monday has killed dozens. Authorities have continued to look for people buried in the rubble of collapsed and burned buildings in the coastal epicenter of the disaster. JapanEarthquake KARINA,03-01-2024
825,@nytimes,"The earthquake that struck Japans Noto peninsula on Monday has killed dozens, and authorities continued to look for people buried in the rubble of collapsed and burned buildings in the coastal epicenter of the disaster.",03-01-2024
827,@ChiDtc64083,The Earths crust shifted meters after the Japan earthquake The strong earthquake that shook Ishikawa Prefecture caused crustal changes of up to meters on the Noto Peninsula near the epicenter.,03-01-2024
833,@CityofMonterey,"Our hearts are with everyone affected by the major earthquake that struck the Noto Peninsula, Japan on New Years Day. The epicenter is miles from our long time sister city Nanao. We are here for you, well do everything we can to help you through this tragedy.",03-01-2024
835,@CBSNews,"Cracked open streets, a damaged temple and collapsed buildings were seen in Noto, Japan, two days after a powerful earthquake struck. Noto is close to the epicenter of the quake, which killed at least people according to national media.",03-01-2024
840,@HelenAnnSmith0,"Driving up the Noto Peninsula today, towards where the epicenter of the New Years Day earthquake was. The closer we get the more damage there is, land slides, collapsed roofs and huge fissures in the roads",03-01-2024
943,@ChinaNewsVideo,"Japan Earthquake . Magnitude Earthquake strikes Japan, triggering tsunami warning WION SouthKoreaTechnology SouthKoreaBioTech SouthKorean Video Japan was jolted by a . magnitude earthquake on January st, , with its epicentre in the Noto...",03-01-2024
966,@AI_Fukuzawa,Japans Noto Peninsula Earthquake in A Calm Summary of the Air Self-Defense Forces Relief Efforts,03-01-2024
1005,@ShahriyarGourgi,"LOOK The major . magnitude earthquake that struck the Noto region in Ishikawa prefecture in Japan on Jan. , , has killed at least six people and left a trail of destruction. Fred Mery AFPTV AFP Read more",03-01-2024
1042,@NoriGuide,A Japan Airlines plane and a Japan Coast Guard aircraft collided at Haneda Airport. The JCG plane was supposed to be carrying supplies for survivors of the Noto Peninsula earthquake that occurred on New Years Day. japan tokyo JAL airplanecrash,03-01-2024
1070,@vision_times,"The . magnitude quake, which struck the Noto Peninsula in the Ishikawa prefecture on Monday afternoon Jan. , has triggered a desperate race against time to find survivors amid the rising death toll.",03-01-2024
30,@mondoterremoti,"Guardate come si e sollevato il fondale marino del porto di Kaiso, sulla penisola di Noto, in seguito al violento terremoto di lunedi. Parliamo di variazioni comprese tra i e i , metri in tutto il circondario e un avanzamento della linea di costa di m. Giappone",04-01-2024
65,@WxNB_,The earthquake that struck Japans Noto peninsula on Monday was so strong that the coastline has moved up to meters offshore due to significant land uplift.,04-01-2024
74,@BBCAmos,"Japans ALOS- satellite showed clearly where on the Noto Peninsula the greatest uplift had occurred during Mondays M. quake. Researchers have now visited this area to document the major coastal movements, including at Kaiso port. HT",04-01-2024
97,@mrjeffu,"A clip from Asahi TV shows that a lot of relief supplies are accumulating in Kanazawa, but theyve hit a bottleneck because the earthquake has inflicted heavy damage on the Noto Peninsulas roads. Trucks cant reach some of the worst-hit areas.",04-01-2024
100,@mrjeffu,NHK has shared scenes of earthquake damage in the Noto Peninsula. One man seems to be living in his truck with his dog because evacuation centers dont allow pets.,04-01-2024
104,@mrjeffu,"ARROWS Airborne Rescue Relief Operations With Search has shared this video of the work theyre doing in the Noto Peninsula. Theyve deployed a team of rescue workers, together with Roger the rescue dog.",04-01-2024
107,@mrjeffu,Video Osaka police held a departure ceremony this morning for the police officers and police dogs they are sending to assist with earthquake relief and search rescue efforts in the Noto Peninsula.,04-01-2024
123,@AvgAsianJoe248,"World News Japan - Earthquake. Japanese rescuers race to find survivors as quake death toll rises to . Scale of damage to roads and poor weather hamper relief efforts, three days after quake off Noto Peninsula.",04-01-2024
143,@mrjeffu,"As Japanese search and rescue teams struggled to check the many collapsed buildings in the Noto Peninsula, Taiwan was ready to send rescue workers to help. The Japanese government told Taiwan that they were not needed.",04-01-2024
168,@aegroup_viva,"There will be an archive for Kanju Akeome stream! Do take note that archive ends on the same day Fri at pm Also, part of the proceeds from the stream will be donated to support disaster relief efforts for the Noto Peninsula Earthquake.",04-01-2024
234,@benbeechphoto,"Extremely saddened to hear that the Wajima-nuri craftspeople I was up in Noto documenting last year have lost everything in the quake. Their workshop and extensive collection of lacquerware, parts of which date back some years were all destroyed in the fire.",04-01-2024
264,@EruditeRisk,Prime Minister Fumio Kishida announced plans to double the number of Self-Defense Force personnel for rescue and lifesaving operations following the Noto Peninsula earthquake.,04-01-2024
283,@SkyNews,"Roads have collapsed in Noto Peninsula, Japan, swallowing up cars following the most recent . magnitude earthquake. Over earthquakes have hit Japan since New Years Day.",04-01-2024
376,@RedGeoChile,"Continuan difundiendose registros del momento exacto del terremoto . Mw que golpeo la peninsula de Noto, Japon. La pintoresca y rocosa Isla Mitsuke esta ubicada a kilometros al sur de la costa de la ciudad de Suzu, prefectura de Ishikawa. Via X.",04-01-2024
530,@bizconsuloffice,Ishikawa Living Support Center Noto Peninsula EarthquakeMultilingual Consultation Desk URL ihotline ishikawa,04-01-2024
535,@Reuters,"Eyewitness video shot on January shows Wajima residents escaping a landslide after a deadly earthquake struck Japans Ishikawa Prefecture. In the footage, the landslide crashes down destroying houses in its path as a crack develops on the road",04-01-2024
721,@SonyGroupGlobal,The Sony Group extends its deepest condolences and sympathy to all those affected by the Noto Peninsula earthquake. We pray for a full and swift recovery across the region.,04-01-2024
792,@zulfikaradlan,"A quick analysis of the water level recorded from TG stations on the northern side of Honshu Sea of Japan after the . EQ shows the extent of the tsunami wave. The station closest to the epicenter Noto was instantly damaged, while another TG Toyama and Sado shows",04-01-2024
808,@AnimetopiaJapan,"Report by BBfrom Wajima City, Noto Peninsula, near the epicenter",04-01-2024
820,@trendforce,"Japan Ushers in with a Seismic Jolt A . magnitude earthquake rocked the Noto Peninsula in Ishikawa Prefecture on the afternoon of January st. Its epicentera mere kilometers beneath the surfaceplaces it in the shallow quake category, amplifying its destructive reach.",04-01-2024
826,@MalikNaveed_K,"Earthquake intensity January , At around , there was an earthquake with its epicenter in the Noto region of Ishikawa Prefecture. The depth of the epicenter is approximately km, and the magnitude of the earthquake is estimated to be M..",04-01-2024
939,@tokyotech_en,Message from Tokyo Tech community to people affected by Noto Peninsula Earthquake The Tokyo Tech community would like to offer its deepest condolences to all those affected by the powerful earthquake that struck the Noto Peninsula and other regions...,04-01-2024
962,@AI_Fukuzawa,Ishikawa Noto Peninsula Earthquake Landslides and Shortages in Wajima City,04-01-2024
1002,@AndyVermaut,Andy Vermaut sharesJapan earthquake Rescuers race to find survivors after critical -hour survival window Rescuers in the Noto peninsula of Japan - where a . magnitude earthquake hit on New Years Day - are racing against time in their... Thank you.,04-01-2024
35,@UHN_Plus,"DATO CURIOSO El terremoto en la Peninsula de Noto, Japon, provoco un desplazamiento costero de hasta metros en algunos lugares, debido al notable levantamiento del terreno.",05-01-2024
108,@CHN_WLens,"China Speed! China Power! On December , a magnitude . earthquake struck Gansu Province, China. On January , a magnitude . earthquake struck off the coast of Noto Peninsula, Japan. Below is a comparison between the earthquake relief efforts of China and Japan.",05-01-2024
120,@pokejungle,"The Pokemon Company is donating million yen , USD to the Japanese Red Cross Society for relief efforts helping victims of the January Noto Peninsula earthquake in Japan.",05-01-2024
164,@AvgAsianJoe248,"Japan Earthquake update JAN , . Japanese rescuers race to find survivors as quake death toll rises to . Scale of damage to roads and poor weather hamper relief efforts, three days after quake off Noto Peninsula.",05-01-2024
177,@Nomura,Nomura announces we will donate million yen to support relief efforts in areas affected by the recent earthquake that struck Japans Noto Peninsula. Nomura extends its deepest condolences to the victims and their families and we pray for a swift recovery from this disaster.,05-01-2024
199,@oE0jYYkUJ8lgJCk,"Japans emergency is Taiwans emergency-On the th, Taiwanese Foreign Minister Wu announced a donation of million yen to Japan for rescue and relief efforts following the Noto Peninsula earthquake. An account for general donations has also been opened.",05-01-2024
239,@Z5RCv6M83RfpvJ0,"Noto Peninsula Earthquake - Expanding damage situation - dead in Ishikawa Prefecture - Names of people whose safety is unknown announced - The arrival of the Self-Defense Forces hastened the operation of rescue dogs and relief supplies, but it has been difficult -",05-01-2024
258,@DE_ED_62,"Reiwa th Noto Peninsula Earthquake This is a rescue operation in Wajima City, Ishikawa Prefecture, carried out by the emergency fire assistance team on January th.",05-01-2024
266,@NavantiGroup,"After a . magnitude earthquake on New Years Day in Japans Noto, which also triggered a small tsunami, rescue operations are in full swing to locate missing individuals. Many of the missing are presumed to be trapped in Suzu and Wajima.",05-01-2024
716,@UTokyo_News_en,Notice On the Noto region earthquake Message from the President,05-01-2024
726,@VOANews,"Firefighters search for missing people at the site of a collapsed house in the city of Wajima, after a major . magnitude earthquake struck the Noto region in Ishikawa prefecture on New Years Day.",05-01-2024
731,@transitions0101,SMILE-UP. announced that it will be donating million yen to support the people and region affected by the Noto Peninsula Earthquake. The company stated that it will continue to carry out Smile Up ! Project activities.,05-01-2024
821,@Milan8320,"As rain fell sluggishly down, the architectural integrity of each block crumbled with collapsed houses dotting the landscape in the Japanese city of Wajima, only km away from the epicenter when a series of strong earthquakes on Monday rocked the Noto region of Ishikawa.",05-01-2024
823,@ChinaDaily,"As rain fell sluggishly down, the architectural integrity of each block crumbled with collapsed houses dotting the landscape in the Japanese city of Wajima, only km away from the epicenter when a series of strong earthquakes on Monday rocked the Noto region of Ishikawa.",05-01-2024
836,@BEFIRSTupdates,"RYOKI Info After tweeting about providing supplies to the zone affected by the Noto earthquake on Jan. , RYOKI was seen visiting the evacuation shelters in Nanao city, Ishikawa prefecture about km from the epicenter to deliver the relief supplies himself! RYOKI",05-01-2024
892,@wni_jp,Replying to,05-01-2024
894,@osaka_univ_e,News The Noto Peninsula Earthquake Info for Affected Students,05-01-2024
898,@ActionIntell,"On January , Canon, Ricoh, and Toshiba Tec each issued announcements about the Noto Peninsula earthquakeCanon and Toshiba Tec to offer some help and Ricoh to report on the status of its operations in the region. earthquake News BusinessNews Trending",05-01-2024
905,@cover_corp,Replying to,05-01-2024
920,@osaka_univ_e,"News Financial support for students who suffered damages due to Noto Peninsula earthquake beginning on January ,",05-01-2024
946,@claimspages,". Billion Estimated Insured Losses in Japans Noto Peninsula Earthquake The Noto Peninsula Earthquake, a magnitude . seismic event off Honshus west coast, has resulted in estimated... Catastrophe Property Marine RiskManagement Claims",05-01-2024
1001,@DKReactors,Noto Peninsula Earthquake Moment of the rescue of survivors!,05-01-2024
1022,@robintlewis,How to help survivors of the Noto Peninsula Earthquake in Japan Heres a list of organisations responding to the st January earthquake that are accepting international donations and sharing English-language updates NotoPeninsula Ishikawa,05-01-2024
1067,@businesswisehub,"In the aftermath of a devastating New Years Day earthquake in Japans remote Noto peninsula, the race to find missing individuals continues, marking the end of a critical -hour period for potential survivors.",05-01-2024
1,@mondoterremoti,"Utilizzando i dati preliminari dellUSGS, e riuscito a produrre una prima simulazione della propagazione delle onde di tsunami che si sono formate in seguito al violento terremoto di lunedi sulla penisola di Noto, in Giappone.",06-01-2024
57,@NHKWORLD_News,A study shows the earthquake that struck Japans Noto Peninsula on Monday has expanded the coastline in the area by up to meters.,06-01-2024
101,@mrjeffu,"ANN reports on the situation at evacuation centers at Notojima, days after the earthquake theyre eating food from evacuees homes, not the government evacuees have to travel across dangerous roads to local government hubs to get supplies themselves",06-01-2024
125,@Ryo_Saeba_3,"Alors que le seisme de Noto a atteint aujourdhui la barre des morts avec personnes toujours disparues et quil faut souligner le travail admirable des secours, il y a aussi des rapports de pillage et des refuges qui refusent lentree ou la nourriture aux etrangers",06-01-2024
158,@HiiragiYuu_Vt,Animated Afternoon Tea Assets Kawanina-san has generously announced that all profits minus BOOTHs handling fee of . made through this BOOTH listing before January st will be donated to relief efforts for the earthquake that hit the Noto Peninsula on New Years Day,06-01-2024
170,@NinReportersEN,"The Pokemon Companys Humanitarian Efforts Million Yen Donation for Noto Peninsula Earthquake Relief Summary In response to the recent Noto Peninsula Earthquake, the Pokemon Compa... Link",06-01-2024
189,@TokyoElectronUS,"TEL extends its deepest sympathy to those affected by the earthquake that struck the Noto Peninsula, Ishikawa Prefecture in Japan. We have donated million yen to support relief efforts for affected communities and hope for a quick recovery.",06-01-2024
194,@GhadaFathiWaly,"My thoughts prayers are with all those affected by the tragic earthquake in Japan on New Years Day. I extend my condolences to the people of Japan commend the heroic rescue efforts of relief workers in Wajima, Suzu and Noto to save lives, help the injured find the missing.",06-01-2024
278,@Rainmaker1973,The power of the M. earthquake in Japan can be seen in just how much the ground moved in the Noto peninsula. It rose up by more than meters ft in places and moved sideways by over a metre. Geospatial Information Authority of Japan GSI,06-01-2024
287,@Cecalli_Helper,"Even though the building met the new standards, damage accumulated during the earthquake swarm that continued for about three years may have led to its collapse. infrastructure security design policy Noto Japan",06-01-2024
524,@colecameron,"An elderly woman has been rescued tonight, hours after the earthquake occurred in Japans Ishikawa Prefecture on Monday. She was found trapped in a collapsed house in Suzu City. Her survival is a miracle. This footage is from The Chunichi Shimbun. Watch .",06-01-2024
671,@kawataru_j,"M. earthquake - on Japanese shindo scale Ishikawa pref, Noto region JST January No tsunami warning issued earthquake tsunami Ishikawa Japan",06-01-2024
679,@kawataru_j,"M. earthquake on Japanese shindo scale Ishikawa pref, Noto region JST January No tsunami warning issued earthquake tsunami Ishikawa Japan",06-01-2024
845,@freenodofree,"Around on Saturday, January , there was an earthquake with a maximum seismic intensity of just over in Ishikawa Prefecture. The epicenter is in the Noto region of Ishikawa Prefecture, where the depth of the epicenter is about km, and the magnitude of the earthquake is",06-01-2024
890,@Horizonnews07,"Japan Earthquake Death toll in massive earthquake rises to , water supply also disrupted at many places Noto Peninsula Earthquake Debris and broken roads have increased the challenges for rescue teams in search and rescue operations.",06-01-2024
901,@calioops,Report Noto Peninsula Earthquake News Press Releases SECOND HARVEST Japan,06-01-2024
913,@peace_boat,Initial Response Report Ishikawa Noto Peninsula Earthquake Emergency Relief Underway We seek your continued cooperation to help us support those facing challenging conditions.,06-01-2024
922,@chis2023,"LIVELatest Weather and Earthquake Information Friday, January , Reiwa Noto Peninsula Earthquake Information Weather News LiVE Evening",06-01-2024
958,@airnewsalerts,"A study shows that the earthquake that struck Japans Noto Peninsula on January , has expanded the coastline in the area by up to meters. An investigative team led by Associate Professor Gotou Hideaki from Hiroshima Universitys graduate school studied the ground Show more",06-01-2024
989,@mrjeffu,"Breaking An elderly woman has been rescued from an collapsed house in Suzu City, hours after Mondays earthquake.",06-01-2024
1006,@jjwalsh,Informative and Helpful article by the founder of Social Innovation Japan and Robin Lewis about helping with the most recent earthquake in Japan How to help survivors of the Noto Peninsula Earthquake in Japan by,06-01-2024
1027,@mrjeffu,"From TBS An Indian woman cooked chicken curry for people in Japans earthquake-hit Noto Peninsula. It looks like many of these elderly residents of Himi City had never eaten Indian-style curry before, but they were very happy and grateful.",06-01-2024
95,@mrjeffu,Thread TBS aired a report yesterday about the earthquake relief in the Noto Peninsula A veteran rescue worker from ARROWS was surprised at the very slow response from the Japanese government. Normally supplies and personnel arrive sooner.,07-01-2024
96,@mrjeffu,Its snowing in Wajima and other areas of the earthquake-hit Noto Peninsula today. This will probably further complicate the attempts to bring foodwater to evacuees.,07-01-2024
109,@MelindaJoe,It was heartening to see so many people turn out for the Onigiri for Noto event hosted by Narisawa and Wagyumafia yesterday. All proceeds were donated to relief efforts to help victims of the earthquake.,07-01-2024
124,@mrjeffu,Peace Winds Japan has shared a video of yesterdays rescue of an elderly woman from a collapsed house in Suzu hours after the Noto Peninsula Earthquake.,07-01-2024
159,@NHKWORLD_News,"On day seven after the massive earthquake in central Japan, many evacuees are still in need of relief supplies and running water. Efforts are being made to send mobile flush lavatories to evacuation centers. Noto quake",07-01-2024
187,@RecordGBA,"At least , people were still stranded in Ishikawa Prefecture on Sunday as snow and sleet hampered rescue and relief efforts, and roads were cut off due to the Noto Peninsula earthquake, Kyodo News reported. The disaster claimed at least lives as of",07-01-2024
201,@quirkyblock,The Pokemon Company donates M yen to support Noto Peninsula earthquake relief efforts. A generous contribution in times of need. bitcoin cryptonews donations followforcryptonews,07-01-2024
664,@kamogawayuka,"Yuka NFT ART CHARITY On January , , a strong earthquake with a magnitude of . struck the Noto region in Ishikawa Prefecture. My heartfelt sympathies go out to all affected. The situation in the disaster area is becoming increasingly severe each day. The quakes",07-01-2024
691,@theomakaseshow,"Support our RESONANCE artist, and her incredible initiative to assist fellow citizens in Japan who have been impacted by the devastating earthquake in the Noto region. The proceeds from the sales will contribute to the ongoing rescue efforts. Our deepest",07-01-2024
708,@rosejade_eth,Please take a moment to read Yukas post. She has created a charity piece to help those affected by the earthquake in the Noto region in Japan. Her heart matches her talent. Ive minted a piece with prayers and solidarity in mind.,07-01-2024
756,@News_Kenya,Another quake jolts Japans Noto region Over people were killed in an earlier earthquake last week. - Kenya breaking news Kenya news today,07-01-2024
830,@girlie_mac,"A harbor seal and dolphins from the Noto peninsula epicenter are at a safe place in Fukui now. Phew. I started hearing about more non-critical news from there finally, which is a good sign.",07-01-2024
846,@LarryRo71439723,"The adverse weather on the Noto peninsula continued to ______ survivors at the epicenter of the magnitude . quake that left more than , homeless and cut power to tens of thousands of residences and businesses.",07-01-2024
856,@karma_is_a_kat,"Noto Peninsula, the epicenter of last weeks devastating earthquake in Japan, is a beautiful place. I spent three weeks there in and met so many sweet people. Im so broken up about it.",07-01-2024
908,@mitui_mitubisi,Replying to,07-01-2024
983,@0iSakura,"Hoje idosa de anos foi resgatada depois de dias do terremoto, mortos, desaparecidos, mil pessoas em abrigos, os terremotos diminuiram a intensidade tremores secundarios pos grande tremor mas ainda persistem na aera, chuva de granizo, previsao de neve... Caos. Show more",07-01-2024
,,,
,,,
,,,
,,,
,,,
,,,
,,,
,,,
,,,
,,,
,,,
,,,
,,,
,,,
,,,
,,,
,,,
,,,
,,,
,,,
,,,
,,,
,,,
,,,
,,,
,,,
,,,
,,,
,,,
,,,
,,,
,,,
,,,
,,,
,,,
,,,
,,,
,,,
,,,
,,,
,,,
,,,
,,,
,,,
,,,
,,,
,,,
,,,
,,,
,,,
,,,
,,,
,,,
,,,
,,,
,,,
,,,
,,,
,,,
,,,
,,,
,,,
,,,
,,,
,,,
,,,
,,,
,,,
,,,
,,,
,,,
,,,
,,,
,,,
,,,
,,,
,,,
,,,
,,,
,,,
,,,
,,,
,,,
,,,
,,,
,,,
,,,
,,,
,,,
,,,
,,,
,,,
,,,
,,,
,,,
,,,
,,,
,,,
,,,
,,,
,,,
,,,
,,,
,,,
,,,
,,,
,,,
,,,
,,,
,,,
,,,
,,,
,,,
,,,
,,,
,,,
,,,
,,,
,,,
,,,
,,,
,,,
,,,
,,,
,,,
,,,
,,,
,,,
,,,
,,,
,,,
,,,
,,,
,,,
,,,
,,,
,,,
,,,
,,,
,,,
,,,
,,,
,,,
,,,
,,,
,,,
,,,
,,,
,,,
,,,
,,,
,,,
,,,
,,,
,,,
,,,
,,,
,,,
,,,
,,,
,,,
,,,
,,,
,,,
,,,
,,,
,,,
,,,
,,,
,,,
,,,
,,,
,,,
,,,
,,,
,,,
,,,
,,,
,,,
,,,
,,,
,,,
,,,
,,,
,,,
,,,
,,,
,,,
,,,
,,,
,,,
,,,
,,,
,,,
,,,
,,,
,,,
,,,
,,,
,,,
,,,
,,,
,,,
,,,
,,,
,,,
,,,
,,,
,,,
,,,
,,,
,,,
,,,
,,,
,,,
,,,
,,,
,,,
,,,
,,,
,,,
,,,
,,,
,,,
,,,
,,,
,,,
,,,
,,,
,,,
,,,
,,,
,,,
,,,
,,,
,,,
,,,
,,,
,,,
,,,
,,,
,,,
,,,
,,,
,,,
,,,
,,,
,,,
,,,
,,,
,,,
,,,
,,,
,,,
,,,
,,,
,,,
,,,
,,,
,,,
,,,
,,,
,,,
,,,
,,,
,,,
,,,
,,,
,,,
,,,
,,,
,,,
,,,
,,,
,,,
,,,
,,,
,,,
,,,
,,,
,,,
,,,
,,,
,,,
,,,
,,,
,,,
,,,
,,,
,,,
,,,
,,,
,,,
,,,
,,,
,,,
,,,
,,,
,,,
,,,
,,,
,,,
,,,
,,,
,,,
,,,
,,,
,,,
,,,
,,,
,,,
,,,
,,,
,,,
,,,
,,,
,,,
,,,
,,,
,,,
,,,
,,,
,,,
,,,
,,,
,,,
,,,
,,,
,,,
,,,
,,,
,,,
,,,
,,,
,,,
,,,
,,,
,,,
,,,
,,,
,,,
,,,
,,,
,,,
,,,
,,,
,,,
,,,
,,,
,,,
,,,
,,,
,,,
,,,
,,,
,,,
,,,
,,,
,,,
,,,
,,,
,,,
,,,
,,,
,,,
,,,
,,,
,,,
,,,
,,,
,,,
,,,
,,,
,,,
,,,
,,,
,,,
,,,
,,,
,,,
,,,
,,,
,,,
,,,
,,,
,,,
,,,
,,,
,,,
,,,
,,,
,,,
,,,
,,,
,,,
,,,
,,,
,,,
,,,
,,,
,,,
,,,
,,,
,,,
,,,
,,,
,,,
,,,
,,,
,,,
,,,
,,,
,,,
,,,
,,,
,,,
,,,
,,,
,,,
,,,
,,,
,,,
,,,
,,,
,,,
,,,
,,,
,,,
,,,
,,,
,,,
,,,
,,,
,,,
,,,
,,,
,,,
,,,
,,,
,,,
,,,
,,,
,,,
,,,
,,,
,,,
,,,
,,,
,,,
,,,
,,,
,,,
,,,
,,,
,,,
,,,
,,,
,,,
,,,
,,,
,,,
,,,
,,,
,,,
,,,
,,,
,,,
,,,
,,,
,,,
,,,
,,,
,,,
,,,
,,,
,,,
,,,
,,,
,,,
,,,
,,,
,,,
,,,
,,,
,,,
,,,
,,,
,,,
,,,
,,,
,,,
,,,
,,,
,,,
,,,
,,,
,,,
,,,
,,,
,,,
,,,
,,,
,,,
,,,
,,,
,,,
,,,
,,,
,,,
,,,
,,,
,,,
,,,
,,,
,,,
,,,
,,,
,,,
,,,
,,,
,,,
,,,
,,,
,,,
,,,
,,,
,,,
,,,
,,,
,,,
,,,
,,,
,,,
,,,
,,,
,,,
,,,
,,,
,,,
,,,
,,,
,,,
,,,
,,,
,,,
,,,
,,,
,,,
,,,
,,,
,,,
,,,
,,,
,,,
,,,
,,,
,,,
,,,
,,,
,,,
,,,
,,,
,,,
,,,
,,,
,,,
,,,
,,,
,,,
,,,
,,,
,,,
,,,
,,,
,,,
,,,
,,,
,,,
,,,
,,,
,,,
,,,
,,,
,,,
,,,
,,,
,,,
,,,
,,,
,,,
,,,
,,,
,,,
,,,
,,,
,,,
,,,
,,,
,,,
,,,
,,,
,,,
,,,
,,,
,,,
,,,
,,,
,,,
,,,
,,,
,,,
,,,
,,,
,,,
,,,
,,,
,,,
,,,
,,,
,,,
,,,
,,,
,,,
,,,
,,,
,,,
,,,
,,,
,,,
,,,
,,,
,,,
,,,
,,,
,,,
,,,
,,,
,,,
,,,
,,,
,,,
,,,
,,,
,,,
,,,
,,,
,,,
,,,
,,,
