id,text,time stamp
@EN_NERV,"Major Tsunami Warning â€“ 1/1, 4:22pm The Tsunami Warning has been upgraded to a Major Tsunami Warning. Waves of up to 5m are expected. Those near coastal areas, rivers, or lakes should evacuate to higher ground immediately. #tsunami",01-01-2024
@Masabxpct,magnitude7.4 strong earthquakeã€€ #åœ°éœ‡ #earthquake #Noto #Ishikawa #Japanã€€ Tsunami warning,01-01-2024
@matttttt187,"ğ‰ğ”ğ’ğ“ ğˆğ: ğ‰ğ€ğğ€ğ ğ‡ğ€ğƒ ğğ•ğ„ğ‘ ğŸ’ğŸ ğ„ğ€ğ‘ğ“ğ‡ğğ”ğ€ğŠğ„ğ’ ğˆğ ğ“ğ–ğ ğ‡ğğ”ğ‘ğ’   (25) Noto, Ishikawa Prefecture: - 7.6, 6.1, 5.7, 5.7, 5.2, 5.2, 5.0, 5.0, 4.9, 4.9, 4.8, 4.8, 4.6, 4.6, 4.5, 4.4, 4.3, 4.3, 4.2, 4.2, 4.2, 3.9, 3.8, 3.8  (8) Off the Coast of Noto",01-01-2024
@noticias4vision,"#Ahora | JapÃ³n sufriÃ³ en el inicio de este 2024 un sismo de 7,6. SacudiÃ³ la penÃ­nsula de Noto, en la prefectura de Ishikawa, JapÃ³n, dejando a varias personas atrapadas bajo los escombros en la ciudad de Wajima.  El Centro de Alerta de Tsunamis se activÃ³ inmediatamente, pero la",01-01-2024
@gaijintacle,"Desgraciadamente, JapÃ³n comenzÃ³ este 2024 sufriendo un fuerte terremoto de magnitud preliminar 7.4 en Noto, Ishikawa, que llegÃ³ a sentirse en Kanto y Tokio. VÃ­deo grabado por  @_gingiraginchan  del momento del terremoto en la estaciÃ³n de Kanazawa. #JapÃ³n",01-01-2024
@RSBR_Oficial,"#Tsunami chegando a Ã¡rea da PenÃ­nsula de Noto, em Ishikawa, no JapÃ£o, apÃ³s o #Terremoto de magnitude 7.6 atingir o paÃ­s.",01-01-2024
@DimeFred2,"Nos despertamos bravas, eh'?  Ã‰ste lunes, a las 4:10 pm (en MÃ©xico eran las 2:10 am), se produjo un sismo de 7.6 grados en la regiÃ³n de Noto, en la prefectura deÂ Ishikawa, JapÃ³n.  Verga, wey... El 2024 viene bien emperrado. Ni con las uvitas que nos comimos la vamos a armar.",01-01-2024
@mondoterremoti,"Il nuovo anno inizia nel peggiore dei modi. Poche ore fa un violento terremoto di magnitudo 7.5 si Ã¨ verificato sulla penisola di Noto, in Giappone. Purtroppo c'Ã¨ stato (ed Ã¨ ancora in corso) un brutto tsunami, ci sono stati molti crolli e frane. A breve il nostro approfondimento",01-01-2024
@LiveStormChaser,"Earlier video showing smaller wave caused by the earthquake off the coast of the Noto Peninsula in western Japan traveling up the Seki River in Joetsu City, Niigata Prefecture.  Tsunami warnings still in place!",01-01-2024
@volcaholic1,"UNCONFIRMED video of considerable damage in Noto, Japan following a 7.5 magnitude earthquake striking 36 km northeast of Anamizu, Japan.....  Credit to the original uploader",01-01-2024
@CerebrosG,"De Ãºltimo momento: JapÃ³n emite una alerta de tsunami para casi toda su costa occidental tras un potente terremoto de magnitud 7 que sacudiÃ³ el lunes la penÃ­nsula de Noto, a unos 300 kilÃ³metros de Tokio.",01-01-2024
@RedGeoChile,"JAPÃ“N  Registros recopilados por personas que captaron el momento exacto del terremoto 7.5 Mw (USGS) Ã³ 7.6 Mj (JMA) en la penÃ­nsula de #Noto, Honshu.  Notable y violenta sacudida debido a la cercanÃ­a del evento sÃ­smico a las 16:18 hora local.   Kanazawa ( @_gingiraginchan )",01-01-2024
@MeteoExpress,"2024 a dÃ©butÃ© par un puissant sÃ©isme (magnitude 7,6) au Japon ! Images des dÃ©gÃ¢ts dans la pÃ©ninsule de Noto. Une alerte au tsunami a Ã©tÃ© lancÃ©e.  (via  @seiko7 )",01-01-2024
@RedGeoChile,"TSUNAMI EN JAPÃ“N  Tren de paredes de agua originadas por el terremoto 7.5 Mw (USGS) en la penÃ­nsula de #Noto, ha ingresado en varios puntos de la costa occidental del paÃ­s.    RÃ­o Seki en la ciudad de Joetsu, prefectura de Niigata. ( @S_Ryu_G ).",01-01-2024
@EN_NERV,The Major Tsunami Warning has been downgraded to a Tsunami Warning.  [Downgraded from Major Tsunami Warning to Tsunami Warning] Noto Peninsula of Ishikawa Prefecture  Do not return home until all tsunami warnings & advisories have been lifted. #japan #tsunami,01-01-2024
@EN_NERV,"Tsunami Warning â€“ 1/1, 4:12pm A Tsunami Warning has been issued. Waves of up to 3m are expected. Those near coastal areas, rivers, or lakes should evacuate to higher ground immediately. #tsunami",01-01-2024
@EN_NERV,"Earthquake Detailed Report â€“ 1/1 At around 4:10pm, an earthquake with a magnitude of 7.4 occurred near Noto, Ishikawa Prefecture at a very shallow depth. The maximum intensity was 7. Tsunami warnings/advisories have been issued. #earthquake",01-01-2024
@EN_NERV,"Earthquake Detailed Report â€“ 1/1 At around 4:10pm, an earthquake with a magnitude of 7.6 occurred near Noto, Ishikawa Prefecture at a very shallow depth. The maximum intensity was 7. Tsunami warnings/advisories have been issued. #earthquake",01-01-2024
@nippon_es,"A las 16:10 se produjo un temblor de magnitud 7,4 cerca de la penÃ­nsula de Noto, en Ishikawa. Hay alerta de tsunami. El agua podrÃ­a alcanzar 3 metros en algunas costas en las prefecturas de Niigata, Toyama e Ishikawa, y en la isla de Sado. (Agencia MeteorolÃ³gica de JapÃ³n)",01-01-2024
@CPPGeophysics,"The aftershock pattern (in purple) suggests that the M7.5 Noto earthquake ruptured bilaterally, with the preliminary NEIC slip model also indicating slip on both sides of the epicenter",01-01-2024
@EarthUncutTV,"Major earthquake off Noto Pensinsula #Japan, emergency alert on phone and very noticeable shaking here in central Nagano. Preliminary M7.4 with Shindo 7 shaking, this is a major event",01-01-2024
@EN_NERV,"Tsunami Advisory â€“ 1/2, 2:30am The Tsunami Advisory has been updated. Waves of up to 1m are expected. Those near coastal areas, rivers, or lakes should evacuate to higher ground immediately. #tsunami",01-01-2024
@CAO_BOUSAI,"[Earthquake Information] 16:10 JST on 01 Jan 2024, Seismic intensity 7 at Noto,  Ishikawa Prefecture. Epicenter:Noto, Ishikawa Prefecture, depth very shallow, estimated magnitude 7.6. Tsunami warning has been issued.",01-01-2024
@EN_NERV,"Tsunami Advisory â€“ 1/2, 1:15am The Tsunami Warning has been downgraded to a Tsunami Advisory. Waves of up to 1m are expected. Those near coastal areas, rivers, or lakes should evacuate to higher ground immediately. #tsunami",01-01-2024
@CAO_BOUSAI,"[Major Tsunami Warning] Currently, a major tsunami warning is issued for Noto Area, Ishikawa Prefecture. View estimated arrival times and heights here: JMA website â†’https://jma.go.jp/en/tsunami/",01-01-2024
@CAO_BOUSAI,"[Earthquake Information] 16:56 JST on 01 Jan 2024, Seismic intensity 5+ at Noto,  Ishikawa Prefecture. Epicenter:Noto, Ishikawa Prefecture, depth 20km, estimated magnitude 5.7. Tsunami warning has been issued.",01-01-2024
@chematierra,PRECAUCIÃ“N  Tras el #terremoto de M7.5 en #JapÃ³n  Se ha emitido alerta de tsunami. Se prevÃ© un #tsunami de 5 metros en la penÃ­nsula de #Noto.,01-01-2024
@CAO_BOUSAI,"[Earthquake Information] 16:10 JST on 01 Jan 2024, Seismic intensity 7 at Noto,  Ishikawa Prefecture. Epicenter:Noto, Ishikawa Prefecture, depth very shallow, estimated magnitude 7.4. Tsunami warning has been issued.",01-01-2024
@SkyAlertMx,"#TerremotoJapÃ³n - Se registran serios daÃ±os en poblaciones cercanas al epicentro, como en Noto. El tsunami en esa zona ha alcanzado olas de hasta 5 metros de altura. Sigue la alerta local vigente. https://x.com/Ave_Maria_h/st/Ave_Maria_h/status/1741721088332386553â€¦",01-01-2024
@proceso,Llegan los primeros tsunamis a la costa oeste de JapÃ³n tras el terremoto de la penÃ­nsula de Noto (Videos),01-01-2024
@DrWendyRocks,"â€œThis is a video of the tsunami caused by the earthquake off the coast of the Noto Peninsula that occurred on January 1, 2024, traveling up the Seki River in Joetsu City, Niigata Prefecture. Photographed from the second floor of my home.â€",01-01-2024
@DanielKahl,"æ‹¡æ•£å¸Œæœ› A large earthquake struck near the Noto Peninsula in Toyama Prefecture central Japan at 16:20. A large tsunami warning has been issued.  If you are anywhere near the Sea of Japan in the Hokuriku Region (Fukui, Ishikawa, Toyama), head to higher ground immediately.",01-01-2024
@business,Japan issues a tsunami warning for its almost all of its western coast after a powerful earthquake with a magnitude 7.6 hit off the Noto Peninsula about 300 km from Tokyo on Monday https://trib.al/CAGzxJX,01-01-2024
@USGS_Quakes,"Our hearts go out to residents of Japan's Noto Peninsula, hit by strong shaking from a shallow (10 km depth) M7.5 along Japan's west coast.  Subduction zone quakes can reach M9+ but large shallow crustal quakes can also generate severe local shaking.",01-01-2024
@CNBCTV18Live,#Japan downgrades â€˜Major Tsunami Warningâ€™ to a 'Tsunami Warning' for the #Noto region,01-01-2024
@atul6622,"Huge tsunami warning issued to #Noto region of #Japan's Ishikawa Pref. PM #Kishida orders all-out efforts to grasp quake damage, take necessary relief measures  #Ishikawa  #Earthquake  #Earthquake #Intensity #Tsunami #Earthquake #Noto #Ishikawa #Tokyo #Japan #Earthquke",01-01-2024
@frankhcosv,"#ULTIMAHORA| DaÃ±os de consideraciÃ³n en Noto, #Japon debido al fuerte #Terremoto de 7,6 grados en JapÃ³n: Hubo 21 sismos en 90 minutos, hay alerta de tsunami, generaron incendios y masivos cortes de energÃ­a, ademÃ¡s dejaron atrapadas al menos a seis personas. #SismoJapon",01-01-2024
@Top_Disaster,"Heavy damage aftermath the strong 7.6 Magnitude earthquake that hit in Noto peninsula, Japan  (01.01.2024)  TELEGRAM JOIN  https://t.me/Disaster_News",01-01-2024
@robotopia,"The Noto Peninsula, site of today's powerful #quake in #Japan, has long been producing exquisite lacquerware like these cups I photographed in Wajima last July. At least one lacquerware warehouse has been destroyed, according to media reports",01-01-2024
@DrLucyJones,"The New Years Day M7.5 in Japan caused strong shaking for many people, but because of strong, enforced building codes in Japan, the damage is much less than it could have been. The people on the Noto peninsula will have been hit the hardest.  This thread explains more",01-01-2024
@Rainmaker1973,Effect of the earthquake that hit Central Japan today: roads cracking and pavements rising.  [ mmmin726] https://x.com/mmmin726/status/1741811722854490564/video/1â€¦,01-01-2024
@MarioNawfal,"JUST IN: JAPAN HAD OVER 40 EARTHQUAKES IN TWO HOURS   (25) Noto, Ishikawa Prefecture: - 7.6, 6.1, 5.7, 5.7, 5.2, 5.2, 5.0, 5.0, 4.9, 4.9, 4.8, 4.8, 4.6, 4.6, 4.5, 4.4, 4.3, 4.3, 4.2, 4.2, 4.2, 3.9, 3.8, 3.8  (8) Off the Coast of Noto Peninsula: - 5.6, 5.3, 5.2, 4.9, 4.8,",01-01-2024
@karinamichelin,"Um terremoto de magnitude 7,5 atingiu o oeste do JapÃ£o na tarde de segunda-feira, 1 de janeiro 2024, desencadeando um alerta de tsunami e um alerta oficial aos residentes para evacuarem as Ã¡reas costeiras afetadas o mais rÃ¡pido possÃ­vel.  O terremoto ocorreu Ã s 16h10. hora local,",01-01-2024
@SinarOnline,Video tular menunjukkan ruang letak kereta bergegar kuat selepas Semenanjung Noto di Ishikawa dilanda gempa bumi 7.4 pada skala Richter pada Isnin.  #SinarHarian #SinarTerkini #Jepun #Gempa #Tsunami #Ishikawa,01-01-2024
@Fa1ryNight,"â€œ Yabai â€œ que vocÃªs tanto escutam significa perigo/perigoso.  Pra vocÃªs terem uma ideia de como estÃ¡ sendo o terremoto na regiÃ£o de Noto, provÃ­ncia de Ishikawa, jÃ¡ sÃ£o 74 tremores desde o 1Âº ocorrido as 16:06 hs   Na sequÃªncia os prints.",01-01-2024
@mondoterremoti,"Alle 8:10 italiane, le 16:10 locali, un violento #terremoto di magnitudo 7.5 si Ã¨ verificato nell'estremitÃ  settentrionale della penisola di Noto, in #Giappone. La scossa ha causato numerosi danni, innescato alcune frane e un prodotto un importante tsunami",01-01-2024
@Otaku_Anime_Ind,"Jepang diguncang gempa berkekuatan magnitudo 7,6 pada hari pertama 2024. Badan Meteorologi dan Geofisika Jepang mengeluarkan peringatan tsunami hingga lima meter, peringatan tsunami itu dikeluarkan untuk sepanjang pantai barat di prefektur Ishikawa, Niigata, dan Toyama",01-01-2024
@mrjeffu,"Video of the earthquake as it was experienced in Nagano, which is quite far from the epicenter of the earthquake that hit the Noto peninsula today.",01-01-2024
@mrjeffu,"Video of the aftermath of the earthquake that just hit Japan's Noto peninsula, shared by someone who works for the Matsunami Sake brewery:",01-01-2024
@nexta_tv,Several earthquakes of up to 7.4 magnitude have struck Japan  A tsunami threat has been announced on the country's west coast.,01-01-2024
@Top_Disaster,"Moment of the strong 7.6 M earthquake in Noto of Ishikawa, Japan  (01.01.2024)  TELEGRAM JOIN  https://t.me/Disaster_News",01-01-2024
@imAdityaRathore,7.4-magnitude earthquake hits western Japan.  Tsunami warnings have been issued.  The quake occurred at 16:10 (JST) in Noto area.  Government said they are checking for any irregularities at nuclear power plants.  #Japan #earthquakes #japanese #japannews #biden,01-01-2024
@MyLordBebo,"Details about the powerful 7.0 magnitude earthquake in Japan.  Local media write that mass evacuation is underway on the west coast of the country due to the threat of a tsunami. Waves over 1.2 meters high have already reached the Noto Peninsula, where a five-meter tsunami",01-01-2024
@WeatherWupk,"JUST IN: JAPAN HAD OVER 40 EARTHQUAKES IN TWO HOURS   (25) Noto, Ishikawa Prefecture: - 7.6, 6.1, 5.7, 5.7, 5.2, 5.2, 5.0, 5.0, 4.9, 4.9, 4.8, 4.8, 4.6, 4.6, 4.5, 4.4, 4.3, 4.3, 4.2, 4.2, 4.2, 3.9, 3.8, 3.8  (8) Off the Coast of Noto Peninsula: - 5.6, 5.3, 5.2, 4.9, 4.8,",01-01-2024
@Marchfoward,"TERKINI  Gempa bumi berlaku lagi berhampiran Semenanjung Noto, Jepun",01-01-2024
@ChuckCallesto,"BREAKING NOW:  Major Tsunami Warning Issued for Japan after 7.6 magnitude earthquake hits just north of the Mainland..  DEVELOPING..  Residents told TO EVACUATE after strong earthquakes..  Waves as high as five meters, or 16 feet, could hit the shores of the Noto region of",01-01-2024
@JapanEmb_Arg,"El 1/1 a las 16:10h  se produjo un terremoto de magnitud 7,6 con epicentro en Noto, Pref. de Ishikawa y siguen las rÃ©plicas en zonas cercanas  El sismo registrÃ³ una intensidad 7 (escala de 0 a 7)  SeguÃ­ las indicaciones de  @ARGenJapon_  y Ãºltimas noticias en  @NHKWORLD_News",01-01-2024
@Tendar,"The year starts with a relative strong earthquake in Japan. According to USGS, a M7.5 quake rocked the north of the Ishikawa prefecture. Tsunami warning along the entire Western coast of Japan. Operations of the Shinkansen and every other train services in the immediate area of",01-01-2024
@HollowDreams01,"BREAKING: Footage  A major 7.6-magnitude earthquake occurred in #Japan. Footage from the local Shinkansen station in Ishikawa prefecture, extremely powerful shaking! #earthquake  A #tsunami warning has also been issued.  #deprem #sismo #åœ°éœ‡",01-01-2024
@Fala_Babi,Que triste gente    Tsunami atinge Ishikawa no JapÃ£o apÃ³s o terremoto M7.5. (01 de janeiro  #Terremoto  2024 comeÃ§ou assim,01-01-2024
@YoshiEnomoto_,,01-01-2024
@TimesAlgebraIND,BREAKING: Waves recorded breaking over the seawall in Ishikawa prefecture amid Tsunami warning in Japan. #Japan #Earthquake #Tsunami,01-01-2024
@TPV_John,BREAKING! Ishikawa Prefecture region of Japan rings in the New Year 2024 with a 7.6 Magnitude Earthquake causing hazardous tsunamis up and down the Western coast.   Pray for Japan!,01-01-2024
@CaptainKantor,"Ishikawa prefecture, west coast of Japan experienced 7.4 magnitude earthquake and numerous after shocks. First major Tsunami warning has been issued since 2011. Just watching this would score the living daylights out of you.",01-01-2024
@mrjeffu,Video: it looks like the stone lanterns at Ishikawa's Onominato Shrine nearly fell over during today's earthquake.,01-01-2024
@mrjeffu,The earthquake that hit Ishikawa today was so strong that it apparently knocked over the stone lantern at the Sanjoso Hachimangu Shrine up the coast in Niigata prefecture. (Niigata recorded an earthquake intensity of 5+ on the JMA scale),01-01-2024
@RRcarlos24,"El 2024 empieza con fuerza, un terremoto en la region de Ishikawa JapÃ³n, de magnitud 7.4-7.6 (con una sucesiÃ³n de 21 terremotos en 90 min) causa destrozos en JapÃ³n. Se activÃ³ la amenaza de Tsunami en la costa occidental del paÃ­s.",01-01-2024
@CBSNews,"A powerful 7.6 magnitude earthquake struck Japan's west coast near Ishikawa, causing dozens of building to collapse. A tsunami warning has been issued, urging coastal residents in the region to evacuate.",01-01-2024
@mrjeffu,Video: NHK has aired this frightening footage of a building collapsing in Ishikawa during today's earthquake. It registered as 6+ on the JMA Seismic Intensity Scale.,01-01-2024
@jeogaste,"Son Dakika: 2024'Ã¼n ilk bÃ¼yÃ¼k #deprem i  #Japonya'nin Ishikawa bÃ¶lgesinde yarÄ±m saat Ã¶nce 7.5 bÃ¼yÃ¼klÃ¼ÄŸÃ¼nde Ã§ok ÅŸiddetli deprem meydana geldi! (2 dk sonra 6.2 bÃ¼yÃ¼klÃ¼ÄŸÃ¼nde bir artÃ§Ä± ÅŸok oldu) Deprem, Kanazawa ve Toyama gibi yoÄŸun nÃ¼fuslu ÅŸehirlere yakÄ±n #earthquake #japan",01-01-2024
@Rainmaker1973,"An entire bridge detaching from the road.   It happened today at 16:10 local time after an M7.4 earthquake hit the prefectures of Ishikawa, Niigata and Toyama in Central Japan.  [ Yeye36395198]",01-01-2024
@Top_Disaster,"More videos: Destruction aftermath the terrible 7.6 M earthquake hits Kanazawa of Ishikawa Prefecture, Japan   Video: A0xxx_2 (X) TELEGRAM JOIN  http://t.me/Disaster_News",01-01-2024
@MagandangHapon,Tsunami now in Toyama Prefecture! Higher tsunami is expected in Ishikawa Prefecture. Please be safe,01-01-2024
@IndoPac_Info,#Japan Earthquake: Waves recorded breaking over the seawall in Ishikawa prefecture amid Tsunami warning in Japan. Via Insider Paper.,01-01-2024
@AlertaNews24,"| La region de Ishikawa en JapÃ³n registrÃ³ sismo de 7,6 magnitud, generando alertas de tsunami en toda la costa occidental del paÃ­s.",01-01-2024
@Buritica_news,"| ÃšLTIMA HORA  La region de Ishikawa #Japan recibio el 2024, con una sucesion de 21 terremotos, el mÃ¡s poderoso que se registro fue de 7.6 grados, generando alertas de tsunami en toda la costa occidental del paÃ­s. #earthquake #Terremoto",01-01-2024
@Top_Disaster,"The video footage aftermath the terrible earthquake at shopping mall in Komatsu of Ishikawa, Japan  (01.01.2024)  Video: Picpic Cypcyp TELEGRAM JOIN  https://t.me/Disaster_News",01-01-2024
@greghill,Tsunami warnings are in place for all prefectures with coasts facing the Sea of Japan. Japanese TV urging people to run immediately to higher ground! This is serious. 5m waves expected in Ishikawa. #japan #earthquake,01-01-2024
@EmergenciasEc,"AsÃ­ amanece la region de Ishikawa en JapÃ³n, con mÃ¡s  de 25 terremotos, el mÃ¡s poderoso que se registro fue de 7.6 grados, generando alertas de tsunami en en todo el  paÃ­s",01-01-2024
@dulcefer12,"Arranca 2024 con un #Terremoto 7.4 en JapÃ³n, Ishikawa. A las 16:10 hora local. Hay alerta de tsunami.",01-01-2024
@nexta_tv,,01-01-2024
@UnseenJapanSite,"A major earthquake just hit directly north of Ishikawa Prefecture on the Sea of Japan/East Sea, with shaking measuring at a 7 on the Japanese seismic scale. Areas in Japan's Hokuriku region experienced major shaking. A tsunami warning is now in effect.",01-01-2024
@krassenstein,"Itâ€™s not a Happy New Year in Japan, unfortunately, after a MASSIVE 7.6-magnitude AND another 6.2 magnitude earthquake has struck the country.    This has sparked serious Tsunamis warnings up and down the coasts.   The video below is from the coastal town of Uchinada in Ishikawa,",01-01-2024
@IndoPac_Info,"#Japan #Earthquake: Major damage reported in the coastal town of Uchinada in Ishikawa, Japan after 7.4 magnitude earthquake. Via Insider Paper.",01-01-2024
@TheInsiderPaper,"WATCH: Major damage reported in coastal town of Uchinada in Ishikawa, Japan after 7.4 magnitude earthquake",01-01-2024
@WxNB_,BREAKING: Japan Meteorological Agency says a powerful 7.6-magnitude earthquake has struck Ishikawa Prefecture. Credit: HAB,01-01-2024
@TheInsiderPaper,"BREAKING: Video from the local station in Ishikawa prefecture, Japan â€“extremely powerful shaking amid major earthquake  #earthquake #Japan #Tsunami",01-01-2024
@MarioNawfal,"MASSIVE DAMAGE REPORTED  | SERIES OF 3 EARTHQUAKES HIT JAPAN   7.5, 6.2, and 5.5 magnitude earthquakes hit Anamizu, a coastal town in Ishikawa area of central Japan, home to about 8,000 residents.  Evacuation orders and tsunami warnings issued for the region.  Source: AP",01-01-2024
@SasslaMx,"#ÃšltimaHora | Se registra #sismo magnitud 7.4 en la Prefectura de #Ishikawa, #JapÃ³n.   Hay alerta de #tsunami local. Se esperan olas de entre 1 y 3 metros de altura.  InformaciÃ³n en desarrollo.",01-01-2024
@TheInsiderPaper,BREAKING: Waves recorded breaking over the seawall in Ishikawa prefecture amid Tsunami warning in Japan,01-01-2024
@MarioNawfal,"BREAKING: EVACUATION ORDERS | MASSIVE EARTHQUAKE HITS CENTRAL JAPAN  Immediate evacuation orders issued for the western coastal areas of Niigata, Toyama, and Ishikawa following a 7.6 magnitude earthquake in Ishikawa Prefecture.  Tsunami warnings in effect for the Japan Sea",01-01-2024
@visegrad24,"Damages in the town of Uchinada in Ishikawa, Japan after todayâ€™s 7.6 magnitude earthquake",01-01-2024
@GeotechTips,"Un potente terremoto de magnitud 7,6 sacudiÃ³ la costa oeste de JapÃ³n cerca de Ishikawa, provocando el derrumbe de decenas de edificios. Se ha emitido una alerta de tsunami, instando a los residentes costeros de la regiÃ³n a evacuar.   VÃ­a  @CBSNews",01-01-2024
@AreliPaz,DespuÃ©s de las 4 de la tarde hora de JapÃ³n un  sismo magnitud 7.4 se registrÃ³  en la prefectura de Ishikawa. Hay alerta de tsunami en la zona.,01-01-2024
@NHKWORLD_News,"A massive earthquake has struck Ishikawa Prefecture, central Japan. A tsunami warning has been issued for Niigata, Toyama, Ishikawa prefectures of the Japan Sea side of the country. People in these area must evacuate immediately. https://www3.nhk.or.jp/nhkworld/en/news/â€¦",01-01-2024
@EN_NERV,"Earthquake Flash Report â€“ 1/1 An earthquake occurred at around 4:10pm. The following intensities were measured. [Int. 6+] Ishikawa Noto [Int. 6-] Niigata Chuetsu [Int. 5+] Niigata JÅetsu, Niigata Kaetsu, Niigata Sado, Eastern Toyama, Western Toyama, Ishikawa Kaga, Fukui Reihokuâ€¦",01-01-2024
@mrjeffu,Breaking: a very strong earthquake has just hit Ishikawa. I'm on the other side of the country and still felt it. The long length of the shaking reminded me of 3/11.,01-01-2024
@NHKWORLD_News,"A massive magnitude-7.6 earthquake has struck Ishikawa Prefecture, in central Japan, A tsunami warning is now in effect for the prefecture and other prefectures around the region, and officials are urging caution. Visit for updates: https://www3.nhk.or.jp/nhkworld/en/news/backstories/2935/â€¦",01-01-2024
@warabe_show,"ï¼  Today 4ï¼š10pm,  There was an with a seismic intensity of ï¼—ã€€in ISHIKAWA Prefecture.  Tsunamis have hit many times, and houses have collapsed,buried alive,the road is collapsing! We may request help and support from people around the world. Sorry",01-01-2024
@harrysugiyama,"Major tsunami alert RIGHT NOW on the coast of Ishikawa. Tsunamis are lethal, they escalate. EVACUATE IMMEDIATELY. Get away from the coast NOW. for english info put on NHK which provides an English subchannel. press the éŸ³å£° button!",01-01-2024
@Rainmaker1973,,01-01-2024
@cloverblossoms_,Tsunami warnings are in place for all prefectures with coasts facing the Sea of Japan after a massive magnitude 7.6 earthquake has struck Ishikawa Prefecture.,01-01-2024
@spectatorindex,BREAKING: New earthquake of over 5.0 magnitude in Ishikawa region of Japan,01-01-2024
@NHKWORLD_News,"A massive magnitude-7.6 earthquake has struck Ishikawa Prefecture, in central Japan, along the Japan Sea coast. People in those areas must evacuate immediately.",01-01-2024
@NHKWORLD_News,"A massive magnitude-7.6 earthquake has struck Ishikawa Prefecture, in central Japan, along the Japan Sea coast. People in those areas must evacuate immediately. An expert warns that strong tremors may continue. Visit for updates:",01-01-2024
@NHKWORLD_News,"A massive magnitude-7.6 earthquake has struck Ishikawa Prefecture, in central Japan, along the Japan Sea coast. https://www3.nhk.or.jp/nhkworld/en/news/20240101_22/â€¦",01-01-2024
@CNBCTV18Live,"#BreakingNews | Tsunami warning issued in Ishikawa Prefecture, Japan, after 7.4 magnitude quake hits Central Japan",01-01-2024
@AbroadInJapan,"A very nasty earthquake on Japan's west coast today.   If you're in the area of Ishikawa Prefecture in particular (Kanazawa city), be aware there's a major tsunami warning of potentially 3-5 meters.  Stay safe and get to high ground if you're along the west coastline between",01-01-2024
@konotaromp,"A massive earthquake has hit Ishikawa Prefecture. A large tsunami warning has been issued for Ishikawa Prefecture. Tsunami warnings were also issued for Niigata, Toyama, Yamagata, Fukui and Hyogo prefectures on the Japan Sea coast.",01-01-2024
@NHKWORLD_News,"A massive magnitude-7.6 earthquake has struck Ishikawa Prefecture, in central Japan, along the Japan Sea coast. People in those areas must evacuate immediately. For updates, visit:",01-01-2024
@NHKWORLD_News,"A massive magnitude-7.6 earthquake has struck Ishikawa Prefecture, in central Japan, along the Japan Sea coast. People in those areas must evacuate immediately. Visit for updates:",01-01-2024
@NHKWORLD_News,Officials of Ishikawa Prefecture's Suzu City say they have confirmed several houses and power poles have collapsed following a magnitude 7.4 quake Monday afternoon.  https://www3.nhk.or.jp/nhkworld/en/news/20240101_18/â€¦,01-01-2024
@record_mexico,"Â¡MUCHA FUERZA!   Tras transcurrir las primeras horas del 2024 a las 16:10 horas (hora local), un fuerte terremoto sacudiÃ³ toda la costa de Ishikawa, lugar del epicentro.   AquÃ­ los detalles: https://bit.ly/41KCCLC",01-01-2024
@dw_espanol,"Alerta de Tsunami en JapÃ³n  Las autoridades japonesas piden a la poblaciÃ³n evacuar toda la costa occidental por una serie de fuertes terremotos, con uno de 7,4 grados en Ishikawa incluido (lgc)  https://p.dw.com/p/4alAa Haga clic  para mÃ¡s informaciÃ³n",01-01-2024
@lopezdoriga,"Terremoto magnitud 7.6 golpeÃ³ la prefectura de Ishikawa, en el litoral occidental de JapÃ³n, y activÃ³ una alerta por tsunami en buena parte del archipiÃ©lago, ademÃ¡s de causar importantes daÃ±os y dejar sepultadas al menos a seis personas bajo los escombros",01-01-2024
@FreeAll_protest,"Electric poles are falling as earthquake warning alerts ring out in the Noto region of Ishikawa Prefecture, Japan. seismic intensity 7 åœ¨æ—¥æœ¬çŸ³å·ç¸£èƒ½ç™»åœ°å€åœ°éœ‡è­¦æˆ’è­¦å ±éŸ¿èµ·çš„æƒ…æ³ä¸‹ï¼Œé›»ç·šæ¡¿æ­£åœ¨å€’å¡Œã€‚çƒˆåº¦ä¸ƒ",01-01-2024
@RochexRB27,"#JAPÃ“N #URGENTE | ImÃ¡genes de como se percibiÃ³ el sismo de magnitud 7.6 que se registrÃ³ en la regiÃ³n Noto, Prefectura de Ishikawa. Hay alerta de tsunami. #RochexRB27   #earthquake #Terremoto #Temblor #Japan",01-01-2024
@RochexRB27,"#URGENTE | #Sismo de magnitud 7.6 sacude la costa de JapÃ³n.  El movimiento telÃºrico se registrÃ³ en la regiÃ³n Noto, Prefectura de Ishikawa.  #earthquake #Terremoto #Temblor #Japan",01-01-2024
@CarolineCoramUK,"Significant repeating earthquake activity in the Noto Ishikawa region of Japan  One of our trackers Calamity Jane on Sky&Earth has been picking up continued high levels of gridding over Japan for the last month, possibly longer.  This has largely been in this central Japan area",01-01-2024
@waccawheels,"[ONGOING EARTHQUAKE/TSUNAMI IN NOTO REGION, JAPAN] Earthquake may recur for several days, can become stronger. Tsunami on the west coast (Sea of Japan/East Sea of Korea) reaches QUICKLY. Please be alert and MILES AWAY from the ocean and river mouths if you're in the region.",01-01-2024
@odishabhaskar,Japan Downgrades â€˜Major Tsunami Warningâ€™ To â€˜Tsunami Warningâ€™ For Noto Region https://odishabhaskar.in/breaking/japan-downgrades-major-tsunami-warning-to-tsunami-warning-for-noto-region-65117/â€¦  #Japan #Tsunami #Earthquake #Ishikawa #JapanTsunami #JapanEarthquake #SeismicActivity #Russia #Korea #BreakingNews #Sismo #NotoRegion,01-01-2024
@UHN_Plus,,01-01-2024
@notimundoec,"#URGENTE | Un terremoto de magnitud 7.6 sacudiÃ³ este 1 de enero a JapÃ³n. El epicentro se registrÃ³ en la penÃ­nsula de Noto. En varios sectores del paÃ­s se emitiÃ³ la alerta de tsunami, y se registran cortes de energÃ­a.",01-01-2024
@KidNqv,"Around 4:10 PM on the 1st, a powerful earthquake with a maximum intensity of 7 was observed in Ishikawa Prefecture. According to the Japan Meteorological Agency, the epicenter was in the Noto region of Ishikawa Prefecture, with an extremely shallow depth. The magnitude of the",01-01-2024
@FREEDOMWWGIWGA,"A 7.6 magnitude earthquake in Japan generated a tsunami, power outages and landslides that left people trapped   There were 21 earthquakes in 90 minutes and the strongest had its epicenter in Noto, in Ishikawa.  They caused fires and massive power outages,",01-01-2024
@rumireports,The owner of a sake brewery near the epicenter of the Ishikawa earthquake shows collapsed buildings nearby. Can hear her hoping to salvage any of the remaining sake.    Kimana Seiko of Matsunami Sake Brewery in Noto. Verified via Storyful,01-01-2024
@t_k_happiness,"At around 4:10 pm today, there was a strong earthquake with its epicenter in the Noto region of Ishikawa Prefecture. The depth of the epicenter is extremely shallow, and the magnitude, which indicates the scale of the earthquake, is estimated to be 7.6.",01-01-2024
@shahinu_r,"Serious damage was reported in Noto, a town near the epicenter.  #earthquake #Ishikawa #Japan",01-01-2024
@ASUVARNA66,"A video capturing the earthquake's impact in Nagano, despite the epicenter being quite distant from the Noto peninsula where the earthquake struck today.  #Japan #Tsunami #NewYear2024  #earthquake",01-01-2024
@in_the_name_of,"Earthquake with its epicenter in the Noto region of Ishikawa Prefecture. The depth of the epicenter was very shallow, the magnitude of the earthquake was M7.6, and a maximum seismic intensity of 7 was observed in Ishikawa Prefecture. A major tsunami warning is being issued.",01-01-2024
@Hsnain901,"VIDEO:Watch the startling video of the #earthquake felt in Nagano,#japan despite its distance from the epicenter at the Noto Peninsula.",01-01-2024
@BrownHasher,"Just sat through the longest earthquake I have ever felt, not too severe over here in Tokyo but it was a 7.4 at the epicenter near Noto in Ishikawa, hoping the damage over there is minimal and that everyone is safe",01-01-2024
@CaliesCaliCOL,"INTERNACIONAL  Un terremoto de magnitud 7.6 grados sacudiÃ³ este 1 de enero la regiÃ³n de Noto, en Ishikama, JapÃ³n, segÃºn el Servicio GeolÃ³gico de Estados Unidos.",01-01-2024
@ilustrador,"Tras ser golpeado por el oleaje del #Tsunami, asÃ­ lucen las calles de un poblado de la penÃ­nsula de #Noto, en #Japon     #Terremoto #sismo #Temblor #earthquake",01-01-2024
@MundoEConflicto,"#AHORA | DaÃ±os de consideraciÃ³n en Noto, JapÃ³n, debido al fuerte terremoto.",01-01-2024
@MHNewsDaily,"A video capturing the earthquake's impact in Nagano, despite the epicenter being quite distant from the Noto peninsula where the earthquake struck today.  #Japan  #Earthquake #Tsunami #NewYear",01-01-2024
@yukin_done,,01-01-2024
@anees_tareen,"A video capturing the earthquake's impact in Nagano, despite the epicenter being quite distant from the Noto peninsula where the earthquake struck today.  #Japan  #Earthquake #Tsunami #NewYear",01-01-2024
@captsingh,,01-01-2024
@shiningworld8,"On January 1st, around 4:10 PM, a strong earthquake with a maximum intensity of 7 was observed in Ishikawa Prefecture, Shika Town. The epicenter was in the Noto region, with a shallow depth, and the estimated magnitude is 7.4, according to the Japan Meteorological Agency.",01-01-2024
@WAQASMmughall,Video of a river becoming like the inside of a washing machine due to the effects of an earthquake  #èƒ½ç™»åŠå³¶åœ°éœ‡ #èƒ½ç™»åŠå³¶ #åœ°éœ‡ Tsunami 3m Earthquake safe Earthquake warning Ishikawa earthquake Ishikawa epicenter Ishikawa seismic intensity 7 Noto earthquake Ishikawa safe â€¦â€¦.,01-01-2024
@robotopia,"In July I visited Suzu City, near the epicenter of today's 7.6-magnitude #quake in #Japan, and was surprised to see warnings like this on many buildings. The remote community at the end of the Noto Peninsula had suffered another big quake in May that left one dead and 44 injured",01-01-2024
@aliwritespk,"A video capturing the earthquake's impact in Nagano, despite the epicenter being quite distant from the Noto peninsula where the earthquake struck today.  #Japan  #Earthquake #Tsunami #NewYear",01-01-2024
@mobin_911,"Video of the earthquake as it was experienced in Nagano, which is quite far from the epicenter of the earthquake that hit the Noto peninsula today.  #Tsunami #japan #earthquake #NewYear",01-01-2024
@fleur_2021,"At around 16:10, an earthquake with its epicenter in the Noto region of Ishikawa Prefecture. M7.6A big tsunami is coming. Please evacuate to a high place",01-01-2024
@janisfrayer,Update from #Japan: â€˜major tsunami warningâ€™ for Noto region near epicenter of M7.4 earthquake revised to â€˜tsunami warningâ€™. Officials still on high alert and urging â€˜vigilanceâ€™ for possible similar strength quake in next 2-3 days given areaâ€™s record of seismic activity.  @NBCNews,01-01-2024
@kennedytetteh,"Although very shallow a major earthquake of Magnitude 7.5 has hit Noto, Ishikawa prefecture in Japan. Early warning of Tsunami to hit the epicenter. Residents advised to evacuate to higher grounds!  #Japan",01-01-2024
@maskedfools,"just now there were 3 earthquakes in succession in noto in ishikawa and they were already the epicenter of the magnitude 7.6 earthquake earlier this afternoon, please pray for them, oh my god",01-01-2024
@say_Q_meisai,"A huge earthquake occurred in the Noto region of Japan. Although I am about 250km away from the epicenter (my parents' home), I am safe.",01-01-2024
@JRE_Super_Exp_E,01-01-2024,01-01-2024
@S_Kgamesdao,"è‹±èªç‰ˆ Switched to major tsunami warning. Please evacuate immediately. Information about the epicenter!! An earthquake occurred at around 16:10 with its epicenter in the Noto region of Ishikawa Prefecture. The epicenter is very shallow, the magnitude of the earthquake is M7.6",01-01-2024
@_great_yota_,"It's been the start of a difficult year... If you are in the affected areas near the epicenter of the Noto Peninsula, please be careful and ensure your safety first.",01-01-2024
@saesaemadam1,"At around 4:10 p.m. on January 1, a magnitude 7.6 earthquake occurred with its epicenter in the Noto region of Ishikawa Prefecture. At this time, we have not confirmed any impact of the earthquake on the Fukushima Daiichi and Daini Nuclear Power Plants and our main power system.",01-01-2024
@extrapolatemate,"An estimated 7.6 magnitude earthquake just struck Japan today. Epicenter: Noto, Ishikawa Prefecture, depth very shallow and a Tsunami warning has been issued.  Terrible start to the new year.",01-01-2024
@Nataly85416778,01-01-2024,01-01-2024
@AbelTaiti,"EMERGENCY TSUNAMI WARNING in Japan. January 1, 2024: A tsunami warning has been issued. Please evacuate immediately. The epicenter of the earthquake was located in the Noto region of Ishikawa Prefecture at around 16:10. The depth of the epicenter is very shallow, and the",01-01-2024
@purple_kiyo21,Ohã€œEarthquakeã€œscaryâ€¦The room shookâ€¦.The epicenter is the Noto Peninsula. I live in so far place but so scary. I hope everyone is safe...,01-01-2024
@ShamanGeo,,01-01-2024
@melange82,Ishikawa (the prefecture closest to the epicenter of the earthquake) is where I went to for my summer JP language program back in the day...  The profs arranged for us student all to go up to Noto peninsula for a trip too...,01-01-2024
@koheinet608,"At around 4:10 p.m. on January 1, there was an earthquake of intensity 7 in Shiga Town, Ishikawa Prefecture. The epicenter was in the Noto region of Ishikawa Prefecture, and the depth of the epicenter was very shallow.The magnitude of the quake is estimated to be 7.6 on the",01-01-2024
@SaylorTwiftArt,"Pretty big earthquake (7.4) hit noto, ishikawa prefecture. Felt it pretty good down here in nagoya, but we're in no danger of tsunami. Tsunami warnings of up to 5m near the epicenter",01-01-2024
@chokopai17,"There is an earthquake & tsunami warning with the epicenter in Noto, Ishikawa Prefecture.  I think there will be aftershocks in the future.   Take care, everyone. On the way home, etc. various things,transportation, etc.   Please be careful on your way home.   Please evacuate",01-01-2024
@feed_economy_jp,"An earthquake has struck Japan. The epicenter of the earthquake was in the Noto region of Ishikawa Prefecture, with a very shallow epicenter and an estimated magnitude of 7.6.",01-01-2024
@kiranjoshi235,"With audio  [Tsunami information January 2, 2024]  The tsunami warning has been partially lifted.  [Information about the epicenter]  At around 16:10 on the 1st, an earthquake occurred with its epicenter in the Noto region of Ishikawa Prefecture. #Japon #JapanEarthquake #japan",01-01-2024
@HaydenSchiff,"from Matsunami, an area of Noto town maybe 5-10 miles from the epicenter",01-01-2024
@Write7Dave,"Tsunami warning issued after powerful earthquake strikes Japan https://abcnews.go.com/International/powerful-earthquake-strikes-japan/story?id=106028492â€¦  An earthquake with a preliminary magnitude of 7.5 struck at about 4:10 p.m. local time, with its epicenter on the Noto Peninsula, along the Sea of Japan, according to U.S. Geological Survey",01-01-2024
@tkhs1975,"The Noto Peninsula Earthquake of 2024 occurred with a magnitude of 7.6 and its epicenter was in the Noto Peninsula in Ishikawa Prefecture. Shiga Town, Hakui District experienced a seismic intensity of 7, four cities including Wajima City experienced a seismic intensity of 6+, and",01-01-2024
@n_n0819,Attention Japanese Travelers A tsunami warning has been issued. Please evacuate now! ï¼»Information on the epicenter] Earthquake centered in the Noto region of Ishikawa Prefecture at approximately 16:10.,01-01-2024
@nthusharon,"[Earthquake epicenter] At around 16:10, an earthquake of magnitude 7.6 occurred in the Noto region of Ishikawa Prefecture. The depth of the epicenter was extremely shallow, reports of continuous aftershocks are emerging â€¦",01-01-2024
@emergencyinc2,Earthquake occurrence date and time January 1st around 16:10 Epicenter name Ishikawa Prefecture Noto region depth very shallow magnitude M7.6 #Japan #Earthquake live camera in #IshikawaPrefecture https://x.com/_hajityan/stat/_hajityan/status/1741723136494891190â€¦,01-01-2024
@WIONews," #Gravitas | Japan was jolted by a 7.6 magnitude earthquake on January 1st, 2024, with its epicentre in the Noto region. The quake triggered fires, building collapses, and violent shaking of trains. Eyewitness videos captured the moment high waves hit Japan's coast, raising fears Show more",01-01-2024
@abcnews,Tsunami warnings issued in Japan following magnitude-7.6 earthquake: A tsunami of up to five metres high is believed to be reaching Noto in the Ishikawa Prefecture â€” more than 500km west of Tokyo â€” according to Japan's Meteorological Agency.,01-01-2024
@MillieParfait,I didn't feel the earthquake today but a lot of people messaged me if I am okay and yes I am ok! I got confused until I saw the news!  Please stay safe everybody and make sure you guys watch out for the news especially if youre in the affected area!,01-01-2024
@GeotechTips,"ImÃ¡genes del tsunami avanzando por canales en la penÃ­nsula de Noto, Ishikawa, JapÃ³n , producto de sismo de magnitud 7.6.",02-01-2024
@VerdadeseNadaMa,"JapÃ£o: Um terremoto de magnitude 7,6 na PenÃ­nsula de Noto, na provÃ­ncia de Ishikawa, foi o mais forte a atingir a regiÃ£o desde 1885. Um alerta de tsunami foi emitido pela primeira vez desde 2011, quando um terremoto devastador no nordeste do paÃ­s matou mais de 15 mil pessoas.",02-01-2024
@asalmendez,Â¿QuÃ© pensarÃ­an si les contara que en 2023 un equipo de geofÃ­sicos japoneses publicÃ³ en la revista â€œScientific Reportsâ€ un artÃ­culo en el que analizan el mecanismo que podrÃ­a haber originado el sismo de 7.5Mw que azotÃ³ hoy a #JapÃ³n?   El artÃ­culo se titula â€œEpisodic transient,02-01-2024
@EN_NERV,"Tsunami Advisory â€“ 1/2, 7:30am The Tsunami Advisory has been updated. Waves of up to 1m are expected. Those near coastal areas, rivers, or lakes should evacuate to higher ground immediately. #tsunami",02-01-2024
@asalmendez,Increible !!!   Los datos de GPS e interferometrÃ­a arrojaron que en esta zona del noroeste de la penÃ­nsula de Noto en #Japon la tierra se desplazÃ³ alrededor de 3 m.  Ahora las imÃ¡genes satelitales corroboran las observaciones y muestran que toda esta zona se levantÃ³ despuÃ©s del,02-01-2024
@kaga_oren,"This is the current frequency of earthquakes. help me. too scary. It's always been like this. Both my little sister and the dog are crying. Neither my parents nor I can sleep. what will happen to us?  History  Occurrence time: January 3, 2024, 2:30  Epicenter: Noto region,",02-01-2024
@EN_NERV,"ã€Š Earthquake Early Warning ã€‹ A large earthquake has occurred near Noto, Ishikawa Prefecture. Prepare for strong shaking in the areas of: Ishikawa. #earthquake",02-01-2024
@wecandaoit,We extend our condolences to those affected by the Noto Peninsula earthquake and are accepting donations for the relief efforts at this wallet address.  Wallet address for donations: 0x62d6889fAa439c76843069e4a3Ee288670ddd040  1/n,02-01-2024
@StarlayChan,"SCI is committed to supporting the Noto Peninsula Earthquake relief efforts in Japan. We've submitted a proposal which contributes $10,000 from  @starlay_fi  's treasury to help those affected by this disaster.",02-01-2024
@c7ob4ra,â—Latest earthquake information in Japan Number of deaths: 48 Tsunami warning has been canceled Land routes to the affected area have been cut off.  Rescue operations are mainly carried out by air.  Many people missing in many towns on the Noto Peninsula due to tsunami,02-01-2024
@The_Japan_News,"1,000 Ground Self-Defense Force Personnel Begin Rescue Operations in Affected Areas of Noto Peninsula Earthquake https://japannews.yomiuri.co.jp/society/noto-peninsula-earthquake/20240102-159313/â€¦",02-01-2024
@Elshad1975,,02-01-2024
@SchoonerAmi2022,"A series of earthquakes hit the Noto Peninsula in Ishikawa Prefecture on 1 January 2024, causing minor tsunami, several fires and significant infrastructure damage in various parts of Ishikawa Prefecture. Further aftershocks remain a possibility and transport links are disrupted.",02-01-2024
@WIONews,#JapanEarthquake: Earthquake damages road near port in Japan's Noto region | #WIONOriginals,02-01-2024
@ChaudharyParvez,Today's Video- Earthquake damages road near port in Japan's #Noto region  At least 48 people were killed after a powerful #earthquake hit Japan on New Year's Day. Video- Seiji Minami  #IshikawaPrefecture #Japan #JapanEarthquake  #deprem #sismo #åœ°éœ‡ #Japon #Tsunami #èƒ½ç™»ç”º,02-01-2024
@NewsX,"#JapanEarthquake | A powerful 7.6 magnitude earthquake struck Japan on New Year's Day, triggering tsunami waves and causing extensive damage on the Noto Peninsula. Rescue teams face challenges reaching isolated areas with toppled buildings and disrupted roads. Prime Minister",02-01-2024
@NikhilT37865100,Today's Video- Earthquake damages road near port in Japan's #Noto region  At least 48 people were killed after a powerful #earthquake hit Japan on New Year's Day. Video- Seiji Minami  #IshikawaPrefecture #Japan #JapanEarthquake  #deprem #sismo #åœ°éœ‡ #Japon #Tsunami #èƒ½ç™»ç”º,02-01-2024
@afpfr,"Une course contre la montre a commencÃ© au Japon pour retrouver des survivants aprÃ¨s un sÃ©isme qui a dÃ©vastÃ© hier la pÃ©ninsule de Noto, dans le centre du pays, faisant 48 morts selon le dernier bilan provisoire #AFP #AFPVertical",02-01-2024
@TheInsiderPaper,"BREAKING: Earthquake with a magnitude of 5.0 occurred near Noto, Ishikawa Prefecture in Japan.",02-01-2024
@japantimes,"Scenes of the aftermath of a powerful earthquake, registered at the highest level on Japanâ€™s intensity scale, that struck Ishikawa Prefectureâ€™s Noto Peninsula as the nation was marking New Yearâ€™s Day. https://jtim.es/3H1XNiw",02-01-2024
@japantimes,"BREAKING: An earthquake registering magnitude 5.6, a strong 5 on the Japanese shindo scale, hit the Noto Peninsula, Ishikawa Prefecture, on the north coast of central Japan, at 10:17 a.m. This area was hit by a massive 7.6 quake on Monday afternoon.",02-01-2024
@AbroadInJapan,"While I planned to start this year with a positive post looking back at 2023, instead I want to wish everyone well living in Ishikawa and the Noto Peninsula, who experienced a powerful magnitude 7.6 earthquake today on Japan's west coast.   A sad and unfortunate start to 2024.",02-01-2024
@MiguelTorrucoG,"ÃšLTIMA HORA    TERREMOTO AZOTA JAPÃ“N  La region de Ishikawa en JapÃ³n recibio el 2024, con una sucesion de 21 terremotos, el mÃ¡s poderoso que se registro fue de 7.6 grados, generando alertas de tsunami en toda la costa occidental del paÃ­s.",02-01-2024
@ndtv,"#JapanEarthquake | Japan Hit By 155 Earthquakes In A Day, 6 Dead, Several Injured   - US Geological Survey said the quake, which struck Ishikawa prefecture,  had a magnitude of 7.5.  - Waves at least 1.2 metres high hit the port of Wajima  - Around 32,700 households in the region",02-01-2024
@ActualidadRT,"El sismo de magnitud 7,6 ocurrido en la prefectura japonesa de Ishikawa fue el mÃ¡s fuerte desde que comenzaron los registros en el paÃ­s en 1885, informan medios locales citando a la Agencia MeteorolÃ³gica de JapÃ³n.",02-01-2024
@NHKWORLD_News,"Following Monday's magnitude 7.6 earthquake in Ishikawa Prefecture on the Sea of Japan, seismic activity has been observed continuously in the area. https://www3.nhk.or.jp/nhkworld/en/news/20240102_17/â€¦",02-01-2024
@NHKWORLD_News,A magnitude-7.6 earthquake struck Ishikawa Prefecture in central Japan on Monday. The quake has left at least four people dead in the prefecture.  Visit our live coverage page for the latest: https://www3.nhk.or.jp/nhkworld/en/news/backstories/2935/â€¦,02-01-2024
@NHKWORLD_News,"At least six people have been reported dead in Ishikawa Prefecture on the Sea of Japan, after a magnitude 7.6 earthquake struck the region on Monday afternoon. https://www3.nhk.or.jp/nhkworld/en/news/20240102_12/â€¦",02-01-2024
@CNN,"At least 4 people have died in Japan's Ishikawa prefecture following a 7.5 magnitude earthquake, local authorities say. Follow live updates. https://cnn.it/48hLRVU",02-01-2024
@cnnbrk,"At least 4 people have died in Japan's Ishikawa prefecture following a 7.5 magnitude earthquake, local authorities say. Follow live updates. https://cnn.it/48hLRVU",02-01-2024
@drjwalk,Not the way Japan hoped to start 2024 between a major earthquake in Ishikawa and flight accident at Haneda...praying for the victims and rescue efforts underway as we stand in solidarity with the people of Japan.  https://cnn.com/2024/01/02/asia/japan-earthquake-tsunami-warnings-tuesday-intl-hnkâ€¦,02-01-2024
@ZT_Followers,"Earthquake may have shifted land 1.3 meters  The powerful earthquake that rocked Ishikawa Prefecture on Monday may have shifted land in the Noto region near the epicenter up to 1.3 meters to the west.  Japan's Geospatial Information Authority, known as GSI, analyzed GPS data",02-01-2024
@AtelierFelicia,ã“ã®åº¦ã¯çŸ³å·çœŒèƒ½ç™»åœ°æ–¹ã§ç™ºç”Ÿã—ãŸåœ°éœ‡ç½å®³ã«ã¤ãã¾ã—ã¦ã€è¢«å®³ã«é­ã‚ã‚ŒãŸçš†ã•ã¾ã«å¿ƒã‚ˆã‚ŠãŠè¦‹èˆã„ç”³ã—ä¸Šã’ã¾ã™ã€‚   I would like to express my deepest sympathies to everyone affected by the earthquake disaster in the Noto region of Ishikawa.  #africanfabrics #ghana #japan,02-01-2024
@kawataru_j,"M5.0 earthquake / +5 on Japanese shindo scale / Ishikawa pref, Noto region / 02:21 (JST) January 3 / No tsunami warning issued #earthquake #tsunami #Ishikawa #Japan #ç·Šæ€¥åœ°éœ‡é€Ÿå ± #åœ°éœ‡ #æ´¥æ³¢ #çŸ³å·çœŒ #èƒ½ç™»åœ°æ–¹ #æ—¥æœ¬",02-01-2024
@smartertapping,"Specialists estimate that the magnitude 7.6 earthquake in Japan moved the terrain of the Noto region about 1.3 m to the west,  Japanese officials believe Monday's powerful earthquake moved the ground in the Noto region by up to 1.3m to the west, according to Sky News.  Japan's",02-01-2024
@yuzuspiration,"Currently, they are not dealing with donations, but here are their suggestions for the Noto region earthquake",02-01-2024
@NHKWORLD_News,The powerful earthquake that rocked Ishikawa Prefecture on Monday may have shifted land in the Noto region near the epicenter up to 1.3 meters to the west. https://www3.nhk.or.jp/nhkworld/en/news/20240102_22/â€¦,02-01-2024
@PhilstarNews,"A badly damaged building can be seen along a street in the city of Wajima, Ishikawa prefecture on January 1, 2024, after a major 7.5 magnitude earthquake struck the Noto region in Ishikawa prefecture in the afternoon.  Tsunami waves over a meter high hit central Japan on January",02-01-2024
@yuzuspiration,This is the Japan NPO that some of us fanyus donate to during Yuzuâ€™s birthday. Their thread mentions volunteer recruitment and donations for the Noto region earthquake. Please take a look.,02-01-2024
@ftfKcGSnUSyQf0k,"ã€Man-made earthquakes.ã€‘  In Japan, a colony of the Illuminati, there was a large earthquake in the Noto region of Ishikawa Prefecture just after 4 pm on January 1st.  Evil people artificially cause disasters and take people's lives and livelihoods.  https://rapt-plusalpha.com/92336/  #EU",02-01-2024
@inquirerdotnet,"LOOK: This aerial photo shows buildings burning in Wajima, Ishikawa prefecture, on January 1, 2024, after a 7.5 magnitude earthquake struck the Noto region in Ishikawa prefecture in the afternoon.  Tsunami waves over a meter high hit central Japan on January 1 after a series of",02-01-2024
@Sakura_Ishadoh,"è¢«å®³ãŒã“ã‚Œä»¥ä¸Šæ‹¡ãŒã‚Šã¾ã›ã‚“ã‚ˆã†ã«ã€‚  Here's a link to the Yahoo Funding website, for those looking for ways to help the people affected by the earthquake in the Noto region.   ä»¤å’Œ6å¹´èƒ½ç™»åŠå³¶åœ°éœ‡ ç·Šæ€¥æ”¯æ´å‹Ÿé‡‘ï¼ˆYahoo!åŸºé‡‘ï¼‰ - Yahoo!ãƒãƒƒãƒˆå‹Ÿé‡‘",02-01-2024
@Mario_HY_KKe_EK,"There was big earthquake in Noto region. People living there, be careful because There are still some earthquakes and Tsunami alert is still continuing",02-01-2024
@inquirerdotnet,"LOOK: The major 7.5 magnitude earthquake that struck the Noto region in Ishikawa prefecture in Japan on Jan. 1, 2024, has killed at least six people and left a trail of destruction. | : Fred Mery / AFPTV / AFP  Read more: https://inqnews.net/Japanquakerescueâ€¦",02-01-2024
@norishikata,"Earthquake may have shifted land 1.3 meters | NHK WORLD-JAPAN News   The powerful earthquake that rocked Ishikawa Prefecture on Monday may have shifted land in the Noto region near the epicenter up to 1.3 meters to the west.  Japan's Geospatial Information Authority, known as",02-01-2024
@cgtnafrica,"A magnitude-5.0 earthquake hit Noto region in Japan's Ishikawa Prefecture at 2:21 a.m. local time on Wednesday, according to Japan Meteorological Agency.",02-01-2024
@ninja_padrino,"Waking up to news that tsunami warning still applies to entire Japan Sea side of Japan, highest level alert downgraded for area closest to Noto epicenter - still requires vigilance for possibility of additional quakes. For now, thankful no devastating tsunami has come",02-01-2024
@ninja_padrino,"Wajima, Ishikawa is 40km from Noto quake epicenter - a small town with population of 27,000 people and known for their lacquerware and morning market https://en.m.wikipedia.org/wiki/Wajima,_Ishikawaâ€¦",02-01-2024
@AndyVermaut,Andy Vermaut shares:In photos: The aftermath of the New Year's day quake in Japan: A 7.6 magnitude earthquakeã€which at its epicenter was ranked shindo 7 â€” the highest level 7 on Japanâ€™s intensity scale â€” struck Ishikawa Prefectureâ€™s Notoâ€¦ https://japantimes.co.jp/news/2024/01/03/japan/ishikawa-earthquake-photo-gallery/?utm_source=dlvr.it&utm_medium=twitterâ€¦ Thank you.,02-01-2024
@girlie_mac,"I was back in my hometown near the epicenter a few months ago. And now, a large area of beautiful Noto is destroyed",02-01-2024
@prizzaaaa,"Eita essa pessoa disse que houve um tsunami na cidade de Noto e as mÃ­dias nÃ£o estÃ£o divulgando!  Essa vila foi inundada e casas inteiras desapareceramâ€¦  Emissoras estÃ£o entrando em contato com a pessoa do post, parece q foi numa dessas cidades q sÃ³ vivem idosos e por isso",02-01-2024
@JRE_Super_Exp_E,02-01-2024,02-01-2024
@RobS____,The powerful earthquake that rocked Ishikawa Prefecture on Monday may have shifted land in the Noto region near the epicenter up to 1.3 meters to the west.  https://www3.nhk.or.jp/nhkworld/en/news/20240102_22/â€¦,02-01-2024
@DottirGongu,"New updated land shift  The powerful earthquake that rocked Ishikawa Prefecture on Monday caused crustal changes of  up to 3 meters in the Noto region near the epicenter.  Japan's Geospatial Information Authority, GSI, analyzed crustal movements before and after ...  1/2",02-01-2024
@Symbol_XYM_G,"To everyone overseas.  At around 16:10 on January 1, 2024, an earthquake occurred with the epicenter on the Noto Peninsula in Ishikawa Prefecture, and shaking with a seismic intensity of 7 and a magnitude of 7.6 was observed.   NEMTUS take seriously the serious damage caused by",02-01-2024
@ninja_padrino,,02-01-2024
@asalmendez,"Estoy leyendo un artÃ­culo bien jugoso de lo geofÃ­sicos japoneses, la verdad no se andan con medias tintas cuando se  trata de mecanismos formadores de sismos.  En un ratito les comparto un resumen que podrÃ­a dar pistas del origen del sismo 7.5 Mw en la penÃ­nsula de Noto. #Japon.",02-01-2024
@Michael45231497,#Japa - The powerful #earthquake that rocked Ishikawa Prefecture on Monday caused crustal changes of up to 3 meters in the Noto region near the epicenter.  https://www3.nhk.or.jp/nhkworld/en/news/20240102_32/â€¦,02-01-2024
@LatuffCartoons,01-02-2024,02-01-2024
@asalmendez, Â¿QuÃ© pensarÃ­an si les contara que en 2023 un equipo de geofÃ­sicos japoneses publicÃ³ en la revista â€œScientific Reportsâ€ un artÃ­culo en el que analizan el mecanismo que podrÃ­a haber originado el sismo de 7.5Mw que azotÃ³ hoy a #JapÃ³n?   El artÃ­culo se titula â€œEpisodic transient Show more,02-01-2024
@Cecalli_Helper,"#HEPCO Japan: \operator of #Shika nuclear power plant in quake-hit #Ishikawa Prefecture says systems to supply electricity to the facility from outside sources remain partially unusable.\"" https://www3.nhk.or.jp/nhkworld/en/news/20240102_33/â€¦ 1/1/2024 #Noto #earthquake Go #GreenNewDeal #nonukes #tech #security""",02-01-2024
@business,LATEST: At least 30 people were killed and scores injured in a powerful earthquake that hit off the Noto Peninsula on Japanâ€™s northwest coast,02-01-2024
@business,"At least six people were killed and others injured in a powerful earthquake that hit off the Noto Peninsula on Japanâ€™s northwest coast, wrecking buildings, buckling roads and triggering fires  Here's the latest",02-01-2024
@business,The death toll from a powerful earthquake that toppled buildings in the Noto Peninsula on Japanâ€™s northwest coast rises to nearly 50 as rescue workers search for survivors trapped under rubble,02-01-2024
@asalmendez, Increible !!!   Los datos de GPS e interferometrÃ­a arrojaron que en esta zona del noroeste de la penÃ­nsula de Noto en #Japon la tierra se desplazÃ³ alrededor de 3 m.  Ahora las imÃ¡genes satelitales corroboran las observaciones y muestran que toda esta zona se levantÃ³ despuÃ©s del Show more,02-01-2024
@kaga_oren," This is the current frequency of earthquakes. help me. too scary. It's always been like this. Both my little sister and the dog are crying. Neither my parents nor I can sleep. what will happen to us?  History  Occurrence time: January 3, 2024, 2:30  Epicenter: Noto region, Show more",02-01-2024
@michiokaku,"I appeared on  @CNN  to discuss the terrible earthquake that struck the Noto Peninsula of Ishikawa Prefecture, Japan today. Watch the video here now for free. #earthquake #japanearthquake2024",02-01-2024
@kyodo_english,Replying to  @kyodo_english,02-01-2024
@NetZero_Earth,climate: The death toll from a powerful earthquake that toppled buildings in the Noto Peninsula on Japanâ€™s northwest coast rises to nearly 50 as rescue workers search for survivors trapped under rubble https://trib.al/xjJXdPG,02-01-2024
@TouTzuSays,The death toll from a powerful earthquake that toppled buildings in the Noto Peninsula on Japanâ€™s northwest coast rises to nearly 50 as rescue workers search for survivors trapped under rubble https://bloomberg.com/news/articles/2024-01-02/japan-searches-for-survivors-after-earthquake-kills-at-least-48?utm_source=website&utm_medium=share&utm_campaign=twitter?sref=Wavgn9Hnâ€¦ via  @climate,02-01-2024
@climate,The death toll from a powerful earthquake that toppled buildings in the Noto Peninsula on Japanâ€™s northwest coast rises to nearly 50 as rescue workers search for survivors trapped under rubble https://trib.al/xjJXdPG,02-01-2024
@BloombergAsia,The death toll from a powerful earthquake that toppled buildings in the Noto Peninsula on Japanâ€™s northwest coast rises to nearly 50 as rescue workers search for survivors trapped under rubble,02-01-2024
@BloombergNRG,The death toll from a powerful earthquake that toppled buildings in the Noto Peninsula on Japanâ€™s northwest coast rises to nearly 50 as rescue workers search for survivors trapped under rubble,02-01-2024
@MacLesggy,Comment une construction antisismique se comporte pendant le sÃ©isme de Noto  le 1/1/2024.  #gÃ©niecivil,03-01-2024
@AlertaMundoNews,"| ÃšLTIMA HORA: Se produce un nuevo sismo de magnitud 5,5 en la penÃ­nsula de Noto-JapÃ³n.",03-01-2024
@ActualidadRT,"Nuevo sismo de magnitud 5,5 sacude la penÃ­nsula de Noto en JapÃ³n",03-01-2024
@DeeNinis,"Observed uplift (L: Before earthquake, R: After earthquake) at Wajima Fishing Port ~30km from the epicentre of the M7.6 earthquake at Noto Peninsula Japan; The Geospatial Information Authority of Japan now estimate this site experienced up to ~4m of uplift https://gsi.go.jp/uchusokuchi/20240101noto.htmlâ€¦",03-01-2024
@mrjeffu,An extremely sad clip from ANN's coverage of the Noto Earthquake: this man's wife was on the first floor of his house when it collapsed. He called for help but was told there isn't enough rescue equipment and he's basically on a waiting list.,03-01-2024
@mrjeffu,Video: Japan Ground Self-Defense Force vehicles are arriving at the Noto Peninsula to begin their earthquake relief mission. The yellow banners on each vehicle indicate the home base of the units that have been deployed.,03-01-2024
@mrjeffu,"Video: Scenes of destruction uploaded by a resident of Suzu, a town on the Noto Peninsula, where an estimated 90% of houses were destroyed by Monday's earthquake.",03-01-2024
@mrjeffu,This video shows what the roads are like on the Noto Peninsula after Monday's earthquake in Japan. The uploader says this was recorded near Anamizu City.,03-01-2024
@MarineTraffic,"Rescue Efforts Escalate in Wajima, Japan  In response to the 7.5 magnitude #earthquake in Japan's Noto region, a robust rescue operation has been mobilised in the Wajima area, with 12 Navy & Coastal Guard vessels engaging in relief efforts along the tsunami-hit west coast.",03-01-2024
@amalgamidol,"vocaloid fans!! for Â¥1000+ you can get unreleased content from your favorite producers, all funds will be donated to relief efforts for the recent noto peninsula earthquake in  a few participants: ichii izu GoBS mizumizu namazu mashima yuro xé«¥è punimaru utagawa shiki",03-01-2024
@DougDinsdale,Stone pillars and lanterns survived the Noto Peninsula Quake due to the foresight of their designers and constructers: Rounded ends helped absorb the force.,03-01-2024
@EpicsDAO2,We have made a modest donation from our NFT sales to support the earthquake relief efforts in the Noto Peninsula. We hope this contribution provides some support to those affected,03-01-2024
@BangkokPostNews,"KYODO - At least 62 people were killed in the powerful earthquake that jolted the Noto Peninsula and surrounding areas in central Japan on New Year's Day, with rubble and severed roads still preventing search and rescue operations on Wednesday. Full storâ€¦ https://bit.ly/41INyZW",03-01-2024
@GabbyWEUNV,"Japan Earthquake: Death Toll Hits 30, Rescue Operations Underway | Japan News | Noto Quake | IN18V #JapaneseMilitary #JapaneseMilitary #JapaneseArmy #Japan [Video] Multiple tremors have jolted Japan killing at least 30 people since the quake first hit onâ€¦ http://dlvr.it/T0tQWx",03-01-2024
@ChinaNewsVideo,"Japan Earthquake: Death Toll Hits 30, Rescue Operations Underway | Japan News | Noto Quake | IN18V #JapaneseMilitary #JapaneseMilitary #JapaneseArmy #Japan [Video] Multiple tremors have jolted Japan killing at least 30 people since the quake first hit onâ€¦ http://dlvr.it/T0tPW3",03-01-2024
@FujiiPonta,"At least 64 people were killed in the powerful earthquake that jolted the Noto Peninsula and surrounding areas in central Japan on New Year's Day, with rubble and severed roads still preventing search and rescue operations on January 3.",03-01-2024
@GulfTimes_QATAR,"At least 64 people were killed in the powerful earthquake that jolted the Noto Peninsula and surrounding areas in central Japan, with ongoing difficulties in search and rescue operations due to debris and blocked roads. https://gulf-times.com/article/674778/international/japan/death-toll-from-japan-earthquake-rises-to-64â€¦ . . #earthquakes #Japan",03-01-2024
@CCTV_Plus,"Another series of earthquakes in Japan's Noto Peninsula on Wednesday morning has inflicted more damage following a devastating quake on New Year's Day, with the latest tremors causing cracks on road surfaces and even seeing some sections cave-in.  https://cctvplus.com/news/20240103/8357746.shtml#!language=1â€¦",03-01-2024
@RTultimahora,"#ULTIMAHORA Nuevo sismo de magnitud 5,5 sacude la penÃ­nsula de Noto en JapÃ³n",03-01-2024
@mrjeffu,"Video: A huge landslide destroys several houses in Wajima. As days pass and evacuees make their way to safe places with stable internet connections, we'll probably hear more eyewitness accounts and see more footage of Noto Peninsula Earthquake.",03-01-2024
@woodpony1,ä»¤å’Œ6å¹´ 1æœˆ3æ—¥ã®æœ ãŠã¯ã‚ˆã†ã”ã–ã„ã¾ã™ å¤œä¸­ã«èƒ½ç™»åŠå³¶ã§éœ‡åº¦5ã®ä½™éœ‡ãŒç¶šã è¢«ç½ã•ã‚ŒãŸäººã€…ãŒã‚†ã£ãã‚Šçœ ã‚Œã‚‹æ™‚ãŒæ¥ã‚‹ã“ã¨ã‚’ç¥ˆã‚‹  Reiwa 6 Morning of January 3rd Good morning Aftershocks with a seismic intensity of 5 continue in the Noto Peninsula during the night. I pray that the time,03-01-2024
@volcaholic1,"At least 65 people are confirmed dead and many more are feared trapped under collapsed houses after Monday's devastating earthquake in Ishikawa Prefecture, central Japan. Tens of thousands are still without electricity.",03-01-2024
@NHKWORLD_News,"Central Japan continues to be rocked by earthquakes following the deadly magnitude 7.6 temblor on New Year's Day. Rescue operations are ongoing in hard-hit Ishikawa Prefecture, where officials say 62 people are confirmed dead.  https://www3.nhk.or.jp/nhkworld/en/news/20240103_13/â€¦",03-01-2024
@NHKWORLD_News,The Japanese government says at least 100 hectares across two municipalities of Ishikawa Prefecture were flooded by tsunami following Monday's massive earthquake. https://www3.nhk.or.jp/nhkworld/en/news/20240103_23/â€¦,03-01-2024
@IndianExpress,"#Japan's north-central region of Noto experienced a 7.6-magnitude #earthquake that resulted in the triggering of #tsunami waves, prompting authorities to urge people to evacuate.   Japan has a history of facing such disasters, as evidenced by the 2011 earthquake and tsunami,",03-01-2024
@kawataru_j,"M5.5 earthquake / +5 on Japanese shindo scale / Ishikawa pref, Noto region / 10:54 (JST) January 3 / No tsunami warning issued #earthquake #tsunami #Ishikawa #Japan #ç·Šæ€¥åœ°éœ‡é€Ÿå ± #åœ°éœ‡ #æ´¥æ³¢ #çŸ³å·çœŒ #èƒ½ç™»åœ°æ–¹ #æ—¥æœ¬",03-01-2024
@ANAFlightInfo_e,"Domestic Bad Weather Alert for JAN 04.  Akita : low visibility, Hachijojima : strong wind. Please note that due to the earthquake that occurred in the Noto region of Ishikawa Prefecture, flights to/from Shonai, Niigata, Noto, Toyama, Komatsu airports may be affected.  Latest",03-01-2024
@ABSCBNNews,"IN PHOTO: A resident is carried out after being rescued by firefighters in the city of Suzu, Ishikawa prefecture, after a major 7.5 magnitude earthquake struck the Noto region in Ishikawa prefecture on New Year's Day.",03-01-2024
@shaheen333777,The 7.6-magnitude earthquake that struck Japanâ€™s Noto peninsula on Monday has killed dozens. Authorities have continued to look for people buried in the rubble of collapsed and burned buildings in the coastal epicenter of the disaster.  #JapanEarthquake #KARINA,03-01-2024
@nytimes,"The earthquake that struck Japanâ€™s Noto peninsula on Monday has killed dozens, and authorities continued to look for people buried in the rubble of collapsed and burned buildings in the coastal epicenter of the disaster. https://bit.ly/41G1OTj",03-01-2024
@ChiDtc64083,The Earth's crust shifted 3 meters after the Japan earthquake The strong earthquake that shook Ishikawa Prefecture caused crustal changes of up to 3 meters on the Noto Peninsula near the epicenter.,03-01-2024
@CityofMonterey,"Our hearts are with everyone affected by the major earthquake that struck the Noto Peninsula, Japan on New Years Day. The epicenter is < 40 miles from our long time sister city Nanao. We are here for you, & we'll do everything we can to help you through this tragedy.",03-01-2024
@CBSNews,"Cracked open streets, a damaged temple and collapsed buildings were seen in Noto, Japan, two days after a powerful earthquake struck. Noto is close to the epicenter of the quake, which killed at least 65 people according to national media. https://cbsn.ws/48qhBs8",03-01-2024
@HelenAnnSmith0,"Driving up the Noto Peninsula today, towards where the epicenter of the New Yearâ€™s Day earthquake was.  The closer we get the more damage there is, land slides, collapsed roofs and huge fissures in the roads",03-01-2024
@ChinaNewsVideo,"Japan Earthquake: 7.6 Magnitude Earthquake strikes Japan, triggering tsunami warning | WION #SouthKoreaTechnology #SouthKoreaBioTech #SouthKorean [Video] Japan was jolted by a 7.6 magnitude earthquake on January 1st, 2024, with its epicentre in the Notoâ€¦ http://dlvr.it/T0tb2z",03-01-2024
@AI_Fukuzawa,Japanâ€™s Noto Peninsula Earthquake in 2024: A Calm Summary of the Air Self-Defense Forceâ€™s Relief Efforts https://x.news-us.org/2024/01/03/japans-noto-peninsula-earthquake-in-2024-a-calm-summary-of-the-air-self-defense-forces-relief-efforts/â€¦,03-01-2024
@ShahriyarGourgi,"LOOK: The major 7.5 magnitude earthquake that struck the Noto region in Ishikawa prefecture in Japan on Jan. 1, 2024, has killed at least six people and left a trail of destruction. | : Fred Mery / AFPTV / AFP  Read more: https://inqnews.net/Japanquakerescueâ€¦",03-01-2024
@NoriGuide,A Japan Airlines plane and a Japan Coast Guard aircraft collided at #Haneda Airport. The JCG plane was supposed to be carrying supplies for survivors of the 2024 #Noto Peninsula #earthquake that occurred on New Year's Day. #japan #tokyo #JAL #airplanecrash,03-01-2024
@vision_times,"https://visiontimes.com/2024/01/02/devastating-earthquake-strikes-japan-on-new-years-day-as-frantic-search-for-survivors-begins.htmlâ€¦  The 7.6 magnitude quake, which struck the Noto Peninsula in the Ishikawa prefecture on Monday afternoon (Jan. 1), has triggered a desperate race against time to find survivors amid the rising death toll.",03-01-2024
@mondoterremoti,"Guardate come si Ã¨ sollevato il fondale marino del porto di Kaiso, sulla penisola di Noto, in seguito al violento #terremoto di lunedÃ¬. Parliamo di variazioni comprese tra i 3 e i 3,9 metri in tutto il circondario e un avanzamento della linea di costa di 250 m. #Giappone",04-01-2024
@WxNB_,The earthquake that struck Japanâ€™s Noto peninsula on Monday was so strong that the coastline has moved up to 250 meters offshore due to significant land uplift.,04-01-2024
@BBCAmos,"Japan's ALOS-2 satellite showed clearly where on the Noto Peninsula the greatest uplift had occurred during Monday's M7.6 quake. Researchers have now visited this area to document the major coastal movements, including at Kaiso port. https://eri.u-tokyo.ac.jp/eq/20465/ H/T  @timwright_leeds",04-01-2024
@mrjeffu,"A clip from Asahi TV shows that a lot of relief supplies are  accumulating in Kanazawa, but they've hit a bottleneck because the earthquake has inflicted heavy damage on the Noto Peninsula's roads.  Trucks can't reach some of the worst-hit areas.",04-01-2024
@mrjeffu,NHK has shared scenes of earthquake damage in the Noto Peninsula. One man seems to be living in his truck with his dog because evacuation centers don't allow pets.,04-01-2024
@mrjeffu,"ARROWS (Airborne Rescue & Relief Operations With Search) has shared this video of the work they're doing in the Noto Peninsula. They've deployed a team of 19 rescue workers, together with Roger the rescue dog. 1/2",04-01-2024
@mrjeffu,Video: Osaka police held a departure ceremony this morning for the 91 police officers and 2 police dogs they are sending to assist with earthquake relief and search & rescue efforts in the Noto Peninsula.,04-01-2024
@AvgAsianJoe248,"World News: Japan - Earthquake. Japanese rescuers race to find survivors as quake death toll rises to 78. Scale of damage to roads and poor weather hamper relief efforts, three days after quake off Noto Peninsula.  https://aljazeera.com/news/2024/1/4/japanese-rescuers-race-to-find-survivors-as-quake-death-toll-rises-to-78â€¦",04-01-2024
@mrjeffu,"As Japanese search and rescue teams struggled to check the many collapsed buildings in the Noto Peninsula, Taiwan was ready to send 160 rescue workers to help. The Japanese government told Taiwan that they were \not needed.\"" https://news.yahoo.co.jp/articles/d0144a2d67a6e81651474874907f845efa935262â€¦""",04-01-2024
@aegroup_viva,"There will be an archive for Kanju Akeome 2024 stream!   Do take note that archive ends on the same day (Fri) at 11:59pm  Also, part of the proceeds from the stream will be donated to support disaster relief efforts for the Noto Peninsula Earthquake.",04-01-2024
@benbeechphoto,"Extremely saddened to hear that the Wajima-nuri craftspeople I was up in Noto documenting last year have lost everything in the quake. Their workshop and extensive collection of lacquerware, parts of which date back some 100 years were all destroyed in the fire.",04-01-2024
@EruditeRisk,Prime Minister Fumio Kishida announced plans to double the number of Self-Defense Force personnel for rescue and lifesaving operations following the Noto Peninsula earthquake.,04-01-2024
@SkyNews,"Roads have collapsed in Noto Peninsula, Japan, swallowing up cars following the most recent 5.5 magnitude earthquake.   Over 150 earthquakes have hit Japan since New Year's Day.  https://trib.al/5aK4DYY",04-01-2024
@soundarc2001,,04-01-2024
@RedGeoChile,"ContinÃºan difundiÃ©ndose registros del momento exacto del terremoto 7.5 Mw que golpeÃ³ la penÃ­nsula de #Noto, JapÃ³n.  La pintoresca y rocosa Isla Mitsuke estÃ¡ ubicada a 5 kilÃ³metros al sur de la costa de la ciudad de #Suzu, prefectura de #Ishikawa.    @kenya_0817  (VÃ­a X).",04-01-2024
@bizconsuloffice,Ishikawa Living Support Center  ä»¤å’Œ6å¹´èƒ½ç™»åŠå³¶åœ°éœ‡/å¤šè¨€èªç›¸è«‡çª“å£  2024 Noto Peninsula Earthquake/Multilingual Consultation Desk  URL https://support.ishikawa.jp/index-en.html  #ihotline #ishikawa #å…¨å›½é€šè¨³æ¡ˆå†…å£«,04-01-2024
@Reuters,"Eyewitness video shot on January 1 shows Wajima residents escaping a landslide after a deadly earthquake struck Japan's Ishikawa Prefecture. In the footage, the landslide crashes down destroying houses in its path as a crack develops on the road https://reut.rs/3NP39Bz",04-01-2024
@SonyGroupGlobal,The Sony Group extends its deepest condolences and sympathy to all those affected by the Noto Peninsula earthquake. We pray for a full and swift recovery across the region.,04-01-2024
@zulfikaradlan,"A quick analysis of the water level recorded from 6 TG stations on the northern side of Honshu (Sea of Japan) after the 01.01 EQ shows the extent of the tsunami wave. The station closest to the epicenter (Noto) was instantly damaged, while another 2 TG (Toyama and Sado) shows /1",04-01-2024
@AnimetopiaJapan,"Report by BBfrom Wajima City, Noto Peninsula, near the epicenter",04-01-2024
@trendforce,"Japan Ushers in 2024 with a Seismic Jolt: A 7.6 magnitude earthquake rocked the Noto Peninsula in Ishikawa Prefecture on the afternoon of January 1st. Its epicenterâ€”a mere 16 kilometers beneath the surfaceâ€”places it in the shallow quake category, amplifying its destructive reach.",04-01-2024
@MalikNaveed_K,"Earthquake intensity January 5, 2024] At around 0:04, there was an earthquake with its epicenter in the Noto region of Ishikawa Prefecture. The depth of the epicenter is approximately 10 km, and the magnitude of the earthquake is estimated to be M4.4. #èˆªç©ºæ©Ÿæ¿€çªäº‹æ•…",04-01-2024
@tokyotech_en,Message from Tokyo Tech community to people affected by 2024 Noto Peninsula Earthquake: The Tokyo Tech community would like to offer its deepest condolences to all those affected by the powerful earthquake that struck the Noto Peninsula and other regionsâ€¦ https://ift.tt/pNOa7KI,04-01-2024
@AI_Fukuzawa,Ishikawa Noto Peninsula Earthquake 2024: Landslides and Shortages in Wajima City https://x.news-us.org/2024/01/03/ishikawa-noto-peninsula-earthquake-2024-landslides-and-shortages-in-wajima-city/â€¦,04-01-2024
@AndyVermaut,Andy Vermaut shares:Japan earthquake: Rescuers race to find survivors after critical 72-hour survival window: Rescuers in the Noto peninsula of Japan - where a 7.6 magnitude earthquake hit on New Year's Day - are racing against time in theirâ€¦ https://euronews.com/2024/01/04/japan-earthquake-rescuers-race-to-find-survivors-after-critical-72-hour-survival-window?utm_source=dlvr.it&utm_medium=twitterâ€¦ Thank you.,04-01-2024
@UHN_Plus,"| DATO CURIOSO: El terremoto en la PenÃ­nsula de Noto, JapÃ³n, provocÃ³ un desplazamiento costero de hasta 250 metros en algunos lugares, debido al notable levantamiento del terreno.",05-01-2024
@cover_corp,,05-01-2024
@CHN_WLens,"China Speed! China Power!  On 18 December 2023, a magnitude 6.2 earthquake struck Gansu Province, China.   On 1 January 2024, a magnitude 7.6 earthquake struck off the coast of Noto Peninsula, Japan.  Below is a comparison between the earthquake relief efforts of China and Japan.",05-01-2024
@pokejungle,"The PokÃ©mon Company is donating 50 million yen (~$346,400 USD) to the Japanese Red Cross Society for relief efforts helping victims of the January 1 Noto Peninsula earthquake in Japan.",05-01-2024
@AvgAsianJoe248,"Japan Earthquake update: JAN 4, 2024. Japanese rescuers race to find survivors as quake death toll rises to 78. Scale of damage to roads and poor weather hamper relief efforts, three days after quake off Noto Peninsula.  https://aljazeera.com/news/2024/1/4/japanese-rescuers-race-to-find-survivors-as-quake-death-toll-rises-to-78â€¦",05-01-2024
@Nomura,Nomura announces we will donate 20 million yen to support relief efforts in areas affected by the recent earthquake that struck Japan's Noto Peninsula.  Nomura extends its deepest condolences to the victims and their families and we pray for a swift recovery from this disaster.,05-01-2024
@oE0jYYkUJ8lgJCk,"Japan's emergency is Taiwan's emergency-On the 4th, Taiwanese Foreign Minister Wu announced a donation of 60 million yen to Japan for rescue and relief efforts following the Noto Peninsula earthquake. An account for general donations has also been opened.",05-01-2024
@Z5RCv6M83RfpvJ0,"Noto Peninsula Earthquake - Expanding damage situation - 92 dead in Ishikawa Prefecture - Names of 242 people whose safety is unknown announced - The arrival of the Self-Defense Forces hastened the operation of rescue dogs and relief supplies, but it has been difficult -",05-01-2024
@DE_ED_62,"[Reiwa 6th Noto Peninsula Earthquake] This is a rescue operation in Wajima City, Ishikawa Prefecture, carried out by the emergency fire assistance team on January 4th.",05-01-2024
@NavantiGroup,"After a 7.6 magnitude earthquake on New Yearâ€™s Day in #Japanâ€™s #Noto, which also triggered a small #tsunami, rescue operations are in full swing to locate 242 missing individuals. Many of the missing are presumed to be trapped in #Suzu and #Wajima.",05-01-2024
@NiziU__official,,05-01-2024
@UTokyo_News_en,[Notice] On the Noto region earthquake (Message from the President),05-01-2024
@VOANews,": Firefighters search for missing people at the site of a collapsed house in the city of Wajima, after a major 7.5 magnitude earthquake struck the Noto region in Ishikawa prefecture on New Year's Day.  https://voanews.com/a/death-toll-from-new-year-s-day-earthquake-in-western-japan-rises-to-62/7424622.htmlâ€¦",05-01-2024
@transitions0101,"SMILE-UP. announced that it will be donating 50 million yen to support the people and region affected by the Noto Peninsula Earthquake.  The company stated that it will continue to carry out \Smile Up ! Project\"" activities. https://smile-up.inc/s/su/news/detail/10022â€¦""",05-01-2024
@Milan8320,"As rain fell sluggishly down, the architectural integrity of each block crumbled with collapsed houses dotting the landscape in the Japanese city of Wajima, only 30 km away from the epicenter when a series of strong earthquakes on Monday rocked the Noto region of Ishikawa.",05-01-2024
@ChinaDaily,"As rain fell sluggishly down, the architectural integrity of each block crumbled with collapsed houses dotting the landscape in the Japanese city of Wajima, only 30 km away from the epicenter when a series of strong earthquakes on Monday rocked the Noto region of Ishikawa.",05-01-2024
@BEFIRSTupdates,"[RYOKI] [Info]  After tweeting about providing supplies to the zone affected by the Noto earthquake on Jan. 1, RYOKI was seen visiting the evacuation shelters in Nanao city, Ishikawa prefecture (about 84km from the epicenter) to deliver the relief supplies himself!  #RYOKI",05-01-2024
@wni_jp,Replying to  @wni_jp,05-01-2024
@osaka_univ_e,[News] The 2024 Noto Peninsula Earthquake: Info for Affected Students,05-01-2024
@ActionIntell,"On January 5, Canon, Ricoh, and Toshiba Tec each issued announcements about the Noto Peninsula earthquakeâ€”Canon and Toshiba Tec to offer some help and Ricoh to report on the status of its operations in the region. #earthquake #News #BusinessNews #Trending  https://action-intell.com/2024/01/05/canon-ricoh-and-toshiba-tec-provide-updates-and-help-following-noto-peninsula-earthquake/â€¦",05-01-2024
@cover_corp,Replying to  @cover_corp,05-01-2024
@osaka_univ_e,"[News] Financial support for students who suffered damages due to Noto Peninsula earthquake beginning on January 1, 2024",05-01-2024
@claimspages,"$6.4 Billion Estimated Insured Losses in Japanâ€™s Noto Peninsula Earthquake: The 2024 Noto Peninsula Earthquake, a magnitude 7.5 seismic event off Honshuâ€™s west coast, has resulted in estimatedâ€¦ https://claimspages.com/news/$6.4-billion-estimated-insured-losses-in-japans-noto-peninsula-earthquake-20240105/â€¦ #Catastrophe #Property #Marine #RiskManagement #Claims",05-01-2024
@DKReactors,ã€ä»¤å’Œ6å¹´èƒ½ç™»åŠå³¶åœ°éœ‡ã€‘ç”Ÿå­˜è€…æ•‘å‡ºã®ç¬é–“ [2024 Noto Peninsula Earthquake] Moment of the rescue of survivors! https://youtu.be/mN8JaQZDZAQ  ã“ã®å›°é›£ãªæ™‚æœŸã«ãŠã‘ã‚‹æ•‘åŠ©ãƒãƒ¼ãƒ ã¨æ—¥æœ¬äººã®è¡Œå‹•ã«ã¯æ•¬æ„ã‚’è¡¨ã™ã‚‹ã€‚ç§ãŸã¡ã¯ç¥ˆã‚Šã€æ—¥æœ¬ãŒå†ã³ç«‹ã¡ä¸ŠãŒã‚‹ã“ã¨ã‚’ç¢ºä¿¡ã—ã¦ã„ã¾ã™ã€‚,05-01-2024
@robintlewis,"\How to help survivors of the 2024 Noto Peninsula Earthquake in #Japan \""  Here's a list of organisations responding to the 1st January #earthquake that are accepting international donations and sharing English-language updates  https://link.medium.com/tg2cVwLA6Fb  #NotoPeninsula #Ishikawa""",05-01-2024
@businesswisehub,"In the aftermath of a devastating New Year's Day earthquake in Japan's remote Noto peninsula, the race to find 242 missing individuals continues, marking the end of a critical 72-hour period for potential survivors. https://businesswisehub.com/index.php/2024/01/05/japan-earthquake-search-for-nearly-250-missing-falters-as-hopes-diminish-for-survivors/â€¦",05-01-2024
@mondoterremoti,"Utilizzando i dati preliminari dell'USGS,  @seisorche  Ã¨ riuscito a produrre una prima simulazione della propagazione delle onde di #tsunami che si sono formate in seguito al violento terremoto di lunedÃ¬ sulla penisola di Noto, in Giappone.",06-01-2024
@NHKWORLD_News,A study shows the earthquake that struck Japan's Noto Peninsula on Monday has expanded the coastline in the area by up to 175 meters. #èƒ½ç™»åŠå³¶åœ°éœ‡ https://www3.nhk.or.jp/nhkworld/en/news/20240106_07/â€¦,06-01-2024
@mrjeffu,"ANN reports on the situation at evacuation centers at Notojima, 4 days after the earthquake: â€¢they're eating food from evacuees homes, not the government â€¢evacuees have to travel across dangerous roads to local government hubs to get supplies themselves",06-01-2024
@Ryo_Saeba_3,"Alors que le sÃ©isme de Noto a atteint aujourd'hui la barre des 100 morts avec 211 personnes toujours disparues et qu'il faut souligner le travail admirable des secours, il y a aussi des rapports de pillage et des refuges qui refusent l'entrÃ©e ou la nourriture aux Ã©trangers",06-01-2024
@HiiragiYuu_Vt,Animated Afternoon Tea Assets  Kawanina-san has generously announced that all profits (minus BOOTH's handling fee of 5.6%) made through this BOOTH listing before January 31st will be donated to relief efforts for the earthquake that hit the Noto Peninsula on New Year's Day,06-01-2024
@NinReportersEN,"The Pokemon Company's Humanitarian Efforts: $50 Million Yen Donation for Noto Peninsula Earthquake Relief Summary: In response to the recent Noto Peninsula Earthquake, the Pokemon Compa... Link: https://nintendoreporters.com/en/news/general/the-pokemon-companys-humanitarian-efforts-50-million-yen-donation-for-noto-peninsula-earthquake-relief/?feed_id=33627&_unique_id=65993aaaa096bâ€¦",06-01-2024
@TokyoElectronUS,"TEL extends its deepest sympathy to those affected by the earthquake that struck the Noto Peninsula, Ishikawa Prefecture in Japan. We have donated 100 million yen to support relief efforts for affected communities and hope for a quick recovery.",06-01-2024
@GhadaFathiWaly,"My thoughts & prayers are with all those affected by the tragic earthquake in Japan on New Year's Day. I extend my condolences to the people of Japan & commend the heroic rescue efforts of relief workers in Wajima, Suzu and Noto to save lives, help the injured & find the missing.",06-01-2024
@Rainmaker1973,The power of the M7.5 earthquake in Japan can be seen in just how much the ground moved in the Noto peninsula.  It rose up by more than 4 meters (13 ft) in places and moved sideways by over a metre.  [Geospatial Information Authority of Japan (GSI)],06-01-2024
@Cecalli_Helper,"``Even though the building met the new standards, damage accumulated during the #earthquake swarm that continued for about three years may have led to its collapse.'' #infrastructure #security #design #policy #Noto #Japan https://x.com/livedoornews/s/livedoornews/status/1743624819760153058â€¦",06-01-2024
@colecameron,"An elderly woman has been rescued tonight, 124 hours after the earthquake occurred in Japan's Ishikawa Prefecture on Monday. She was found trapped in a collapsed house in Suzu City. Her survival is a miracle. This footage is from The Chunichi Shimbun. Watch â†“.",06-01-2024
@kawataru_j,"M4.4 earthquake / -6 on Japanese shindo scale / Ishikawa pref, Noto region / 23:20 (JST) January 6 / No tsunami warning issued #earthquake #tsunami #Ishikawa #Japan #ç·Šæ€¥åœ°éœ‡é€Ÿå ± #åœ°éœ‡ #æ´¥æ³¢ #çŸ³å·çœŒ #èƒ½ç™»åœ°æ–¹ #æ—¥æœ¬",06-01-2024
@kawataru_j,"M5.3 earthquake / +5 on Japanese shindo scale / Ishikawa pref, Noto region / 05:26 (JST) January 6 / No tsunami warning issued #earthquake #tsunami #Ishikawa #Japan #ç·Šæ€¥åœ°éœ‡é€Ÿå ± #åœ°éœ‡ #æ´¥æ³¢ #çŸ³å·çœŒ #èƒ½ç™»åœ°æ–¹ #æ—¥æœ¬",06-01-2024
@freenodofree,"Around 5:26 on Saturday, January 6, there was an earthquake with a maximum seismic intensity of just over 5 in Ishikawa Prefecture.  The epicenter is in the Noto region of Ishikawa Prefecture, where the depth of the epicenter is about 10 km, and the magnitude of the earthquake is",06-01-2024
@Horizonnews07,"Japan Earthquake: Death toll in massive earthquake rises to 78, water supply also disrupted at many places  2024 Noto Peninsula Earthquake: Debris and broken roads have increased the challenges for rescue teams in search and rescue operations.",06-01-2024
@calioops,Report : 2024 Noto Peninsula Earthquake | News / Press Releases | SECOND HARVEST Japan,06-01-2024
@peace_boat,ã€Initial Response Reportã€‘ 2024 Ishikawa Noto Peninsula Earthquake Emergency Relief Underway https://pbv.or.jp/en/news/initial-report-2024-ishikawa-noto/â€¦  We seek your continued cooperation to help us support those facing challenging conditions. https://pbv.or.jp/en/donate/,06-01-2024
@chis2023,"ã€LIVEã€‘Latest Weather and Earthquake Information Friday, January ï¼–, 2024 / Reiwa 6 Noto Peninsula Earthquake Information <Weather News LiVE Evening > https://youtube.com/live/dSS7kbryruU?si=J3x_umbypJCWBc1Sâ€¦  @YouTube",06-01-2024
@airnewsalerts," A study shows that the #earthquake that struck #Japan's Noto Peninsula on January 2, 2024 has expanded the coastline in the area by up to 175 meters.  An investigative team led by Associate Professor Gotou Hideaki from Hiroshima University's graduate school studied the ground Show more",06-01-2024
@mrjeffu,"Breaking: An elderly woman has been rescued from an collapsed house in Suzu City, 124 hours after Monday's earthquake.",06-01-2024
@jjwalsh,Informative and Helpful article by the founder of Social Innovation Japan and  @mymizuco  Robin Lewis about helping with the most recent earthquake in Japan: How to help survivors of the 2024 Noto Peninsula Earthquake in Japan by  @robintlewis,06-01-2024
@mrjeffu,"From TBS: An Indian woman cooked chicken curry for 100 people in Japan's earthquake-hit Noto Peninsula. It looks like many of these elderly residents of Himi City had never eaten Indian-style curry before, but they were very happy and grateful. https://youtube.com/watch?v=IoUWeKth5bEâ€¦",06-01-2024
@mitui_mitubisi,,07-01-2024
@mrjeffu,Thread: TBS aired a report yesterday about the earthquake relief in the Noto Peninsula: â€¢A veteran rescue worker from ARROWS was surprised at the very slow response from the Japanese government. Normally supplies and personnel arrive sooner.,07-01-2024
@mrjeffu,It's snowing in Wajima and other areas of the earthquake-hit Noto Peninsula today. This will probably further complicate the attempts to bring food/water to evacuees.,07-01-2024
@MelindaJoe,It was heartening to see so many people turn out for the Onigiri for Noto event hosted by Narisawa and Wagyumafia yesterday. All proceeds were donated to relief efforts to help victims of the earthquake.,07-01-2024
@mrjeffu,Peace Winds Japan has shared a video of yesterday's rescue of an elderly woman from a collapsed house in Suzu (124 hours after the Noto Peninsula Earthquake).,07-01-2024
@NHKWORLD_News,"On day seven after the massive earthquake in central Japan, many evacuees are still in need of relief supplies and running water. Efforts are being made to send mobile flush lavatories to evacuation centers. #Noto #quake",07-01-2024
@RecordGBA,"At least 2,294 people were still stranded in #Ishikawa Prefecture on Sunday as snow and sleet hampered rescue and relief efforts, and roads were cut off due to the Noto Peninsula #earthquake, Kyodo News reported.  The disaster claimed at least 128 lives as of",07-01-2024
@quirkyblock,The Pokemon Company donates 50M yen to support Noto Peninsula earthquake relief efforts. A generous contribution in times of need. #bitcoin #cryptonews #donations #followforcryptonews,07-01-2024
@kamogawayuka,"ã€Yuka NFT ART CHARITYã€‘  On January 1, 2024, a strong earthquake with a magnitude of 7.6 struck the Noto region in Ishikawa Prefecture. My heartfelt sympathies go out to all affected.  The situation in the disaster area is becoming increasingly severe each day. The quake's",07-01-2024
@theomakaseshow,"Support our RESONANCE artist,  @kamogawayuka  and her incredible initiative to assist fellow citizens in Japan who have been impacted by the devastating earthquake in the Noto region.   The proceeds from the sales will contribute to the ongoing rescue efforts.   Our deepest",07-01-2024
@rosejade_eth,Please take a moment to read Yukaâ€™s post. She has created a charity piece to help those affected by the earthquake in the Noto region in Japan. Her heart matches her talent. Iâ€™ve minted a piece with prayers and solidarity in mind.,07-01-2024
@News_Kenya,Another quake jolts Japanâ€™s Noto region: Over 100 people were killed in an earlier earthquake last week. - Kenya breaking news | Kenya news today | http://Capitalfm.co.ke,07-01-2024
@girlie_mac,"A harbor seal and dolphins from the Noto peninsula epicenter are at a safe place in Fukui now. Phew. I started hearing about more non-critical news from there finally, which is a good sign.",07-01-2024
@LarryRo71439723,"The adverse weather on the Noto peninsula continued to ______ survivors at the epicenter of the magnitude 7.6 quake that left more than 30,000 homeless and cut power to tens of thousands of residences and businesses.",07-01-2024
@karma_is_a_kat,"èƒ½ç™»ã¯ã™ã”ã„ç¾ã—ã„æ‰€ã ã£ã¦å¤šã„å„ªã—ã„ã¨è¦ªåˆ‡ãªäººã«ä½ã‚“ã§ã¯ã„ã¾ã™ã€‚æ‚²ã—ã¿ã§èƒ¸ãŒã„ã£ã±ã„ã ã€‚  Noto Peninsula, the epicenter of last weekâ€™s devastating earthquake in Japan, is a beautiful place. I spent three weeks there in 2021 and met so many sweet people. Iâ€™m so broken up about it.",07-01-2024
@mitui_mitubisi,Replying to  @mitui_mitubisi,07-01-2024
@0iSakura," Hoje 1 idosa de 90 anos foi resgatada depois de 5 dias do terremoto, 126 mortos, 210 desaparecidos, 30mil pessoas em abrigos, os terremotos diminuÃ­ram a intensidade (tremores secundÃ¡rios pÃ³s grande tremor) mas ainda persistem na aera, chuva de granizo, previsÃ£o de neve... Caos. Show more",07-01-2024
@mrjeffu,"Video: Yamamura Takehiko, head of the Disaster Prevention System Institute, said he was shocked/angered by how Japanese authorities haven't done much to repair roads 5 days after the Noto Peninsula Earthquake.  He's never seen anything like it before.",08-01-2024
@mrjeffu,"Fuji TV reports on the situation in the town of Noto, one week after the earthquake: â€¢The government has not delivered enough drinking water. â€¢Locals are taking plastic buckets to a nearby river to get water for toilets. It is difficult in the snow. https://news.yahoo.co.jp/articles/d46e3fce024508a975c2ee37190d48524bdff20dâ€¦",08-01-2024
@PSUdotcom,Sony Donates 40 Million Yen Of Emergency Aid To Noto Peninsula Earthquake Relief Efforts https://psu.com/news/sony-donates-40-million-yen-of-emergency-aid-to-noto-peninsula-earthquake-relief-efforts/â€¦ #Sony #EarthquakeRelief #News,08-01-2024
@yoshikifa,YOSHIKI donates 10 million yen to the Japanese Red Cross Society to support areas affected by the Noto Peninsula Earthquake   @YoshikiOfficial  #YOSHIKI   https://yoshiki.net/news/yoshiki-donates-notopeninsula-earthquakeâ€¦,08-01-2024
@polarbear_2017,Japan Earthquake: Rain & Snow Hamper Search & Rescue Operation | Noto Qu... https://youtu.be/qWsPZ5CMjmU?si=xDACASIGgxryCJh9â€¦ via  @YouTube,08-01-2024
@VOANews,": Policemen search for victims in Asaichi-dori Street, which burned down due to a fire following an earthquake in Wajima, Ishikawa Prefecture, Japan, Jan. 7, 2024. (Reuters)  https://voanews.com/a/snow-hinders-rescues-aid-deliveries-after-japan-quake/7429732.htmlâ€¦",08-01-2024
@NHKWORLD_News,"Snowfall has been intensifying in areas affected by a powerful earthquake centered in the Noto region of Ishikawa Prefecture, central Japan, on New Year's Day. https://www3.nhk.or.jp/nhkworld/en/news/20240108_08/â€¦",08-01-2024
@RecyclerMedia,"On 1 January 2024, a large-scale earthquake struck the Noto region of Ishikawa Prefecture, Japan, causing extensive damage and loss of life.  #Earthquake #Aid #Charity #OEMs #Business",08-01-2024
@norishikata,"Snowfall, cold increase danger in Japan's quake-hit areas | NHK WORLD-JAPAN News   Snowfall has been intensifying in areas affected by a powerful earthquake centered in the Noto region of Ishikawa Prefecture, central Japan, on New Year's Day.  People should take extra caution",08-01-2024
@pgbiz,"Following the Noto Peninsula Earthquake on January 1 2024,  @Pokemon_cojp  has donated Â¥50 million to the Japanese Red Cross Society in support of those affected. https://buff.ly/3RKvLgq",08-01-2024
@PakStartup,"A 90-year-old woman, trapped under rubble for nearly five days after an earthquake in Suzu city, Japan, has been found alive. She was discovered in a narrow space between the first and second floors of her house.   #woman #activity #space #Japan",08-01-2024
@84_official_,èƒ½ç™»åŠå³¶åœ°éœ‡ã®å¾©èˆˆæ”¯æ´ã®ãŸã‚ã®å‹Ÿé‡‘ç®±ã‚’è¨­ç½®ã—ã¾ã—ãŸã€‚  We have set up a donation box for Noto Peninsula Earthquake relief efforts.  #84hashi,09-01-2024
@yojidotdj,"To those who have suffered greatly from the 2024 Noto Peninsula Earthquake, please accept my heartfelt sympathy. I am starting a small special project on my bandcamp in the hope that I can be of some assistance in the current disaster relief efforts and in the restoration of your",09-01-2024
@ChinaDailyWorld,"Sad news from Ishikawa, #Japan. The death toll has risen to 180 following a series of powerful earthquakes last week, as heavy snow and rain have hampered rescue operations. The 2024 #Noto Peninsula #Earthquake is the deadliest in Japan since the 2016 Kumamoto quakes.",09-01-2024
@_sitata_,"Following a 7.6 magnitude earthquake in the Noto region on 1 January, at least 161 people are confirmed dead, and 103 remain missing in Ishikawa.  #safewithSITATA #travel #safety #earthquake #japan #ishikawa #noto",09-01-2024
@massao_mork,"After New Year earthquake in Noto, Ishikawa, the epicenter seem to be moving closer to Sado island, Niigata",09-01-2024
@waseda_univ,[Message From President Aiji Tanaka] Concerning the Earthquake on the Noto Peninsula in January 2024,09-01-2024
@TheWatchers_,"Shallow M6.0 earthquake hits off the coast of Noto Peninsula, site of destructive M7.6 earthquake on January 1 https://buff.ly/3RSy2WV #earthquake #NotoPeninsula #Japan",09-01-2024
@sbnews9434,"SoftBank Corp. and other Japan-based carriers provide the Disaster Message Board service as a way for people to post their whereabouts following a disaster. It went into operation after theÂ Noto Peninsula Earthquake struck on JanuaryÂ 1, 2024. Details here.",09-01-2024
@kobayasu0714,Please share. This is a way to support Noto against the earthquake.ï¼ˆã‚·ã‚§ã‚¢å¸Œæœ›ï¼è‹±èªåœå‘ã‘èƒ½ç™»æ”¯æ´æ–¹æ³•ã¾ã¨ã‚ãƒšãƒ¼ã‚¸ï¼‰,09-01-2024
@Capcom_IR,"[Press Release] \Capcom to Support Noto Peninsula Earthquake Relief Efforts\"" added.""",10-01-2024
@ichigoyhcm,"Yunho: to the people of Ishikawa prefecture, fighting!! Tomorrow will surely come~  He is so sweet, my angel Yunho  âŠ¹ â‹†ï¾Ÿê’°à° â™¡ à»’ê’± â‹†ï¾ŸâŠ¹  *) context: very strong earthquake hit Ishikawa on Jan 1, 2024",10-01-2024
@HeatherMEHF,"First Japan Natural Disaster 2024 Caught On Camera! Earthquake,Tsunami Waves in Ishikawa #WinterStormWatch #PreparednessTips #PrepareForWinterStorms #SnowPreparedness [Video] First Japan Natural Disaster 2024 Caught On Camera! Earthquake,Tsunami Waves inâ€¦ http://dlvr.it/T1CGD7",10-01-2024
@kogeistandard,Regarding the 2024 Noto Peninsula Earthquake in Ishikawa Prefecture (Message from the Editor-in-chief)  We would like to express our deepest sympathies to the victims of the recent earthquake that struck the Noto Peninsula in Ishikawa Prefecture. https://kogeistandard.com/news/2024-01-09/â€¦,10-01-2024
@stpn_manomu,"I will refrain from New Year's greetings. I want to express my condolences to those who lost their lives in the earthquake that struck the Noto region of Ishikawa Prefecture on January 1, 2024, and my heartfelt sympathy to all those affected and their families. (1/2)",10-01-2024
@IFENG__official,"#EXCLUSIVE After 10 days since the powerful #earthquake in #Japan's #Noto region,  @IFENG__official  reporter took to the streets of Noto for a closer look at the aftermath.  #JapanEarthquake #èƒ½ç™»åŠå³¶ #èƒ½ç™»åŠå³¶åœ°éœ‡",10-01-2024
@CCTV_Plus,Residents in the Noto region of Japan's Ishikawa Prefecture are struggling to recover after a deadly 7.6-magnitude earthquake hit the peninsula. #JapanEarthquake  https://cctvplus.com/news/20240110/8358665.shtml#!language=1â€¦,10-01-2024
@JapanSafeTravel,"Heavy rain is expected in the Hokuriku region until January 10th. Due to the earthquake in Noto Peninsula on January 1st, there are areas in the Hokuriku region where the ground has become loose. Please stay alert to landslides. For the latest info, please check the following",10-01-2024
@JCCU_Int,"In response to the Noto Peninsula Earthquake on January 1, the JCCU and its member co-ops launch Noto Peninsula Earthquake Relief Fund. Read more: https://jccu.coop/eng/news/2024/01/jccu-and-its-member-co-ops-launch-noto-peninsula-earthquake-relief-fund.htmlâ€¦ #earthquakes #coops",10-01-2024
@The_Japan_News,Japanâ€™s government is set to allocate Â¥1 trillion for recovery and reconstruction related to the Noto Peninsula Earthquake in its fiscal 2024 supplementary budget. https://japannews.yomiuri.co.jp/society/noto-peninsula-earthquake/20240110-161075/â€¦,10-01-2024
@JapanToday,"Japan to expand FY2024/25 budget reserves for earthquake aid: Japan plans to expand its budget reserves for fiscal 2024/25 to support recovery from the Noto Peninsula earthquake, Finance Minister Shunichi Suzuki said on Tuesday.â€¦ https://japantoday.com/category/politics/japan-to-expand-fy2024-25-budget-reserves-for-earthquake-aid?utm_source=twitter&utm_medium=referral&utm_campaign=dlvr.itâ€¦ #japannews #japantoday",10-01-2024
@japantimes,"Reaching beyond the limitations of official aid, grassroots groups are mobilizing to help support survivors of the recent quake on Ishikawa Prefecture's Noto Peninsula.",10-01-2024
@naotokui_en,How to help survivors of the 2024 Noto Peninsula Earthquake in Japan,10-01-2024
@nipponia_girona,"La nostra solidaritat i afecte a les vÃ­ctimes del terratrÃ¨mol del JapÃ³!  Si voleu/podeu ajudar, aquÃ­ teniu alguns enllaÃ§os Ãºtils.",10-01-2024
@TedGover,"Noto quake: 'In times of crisis, all we have is each other' - The Japan Times  Reaching beyond official aid, grassroots groups mobilize to help survivors",10-01-2024
@pet_home_office," 2024 Noto Peninsula Earthquake  ãƒšãƒƒãƒˆã®ãŠã†ã¡Â®ï¸ (Petto no O Uchi: A Home for Pets), Japan's largest pet adoption platform, are urgently calling for your donations for the animals left on the Noto Peninsula.  Donate now at https://pet-home.jp/ishikawa_noto/  The Noto Peninsula Earthquake Show more",10-01-2024
@transitions0101,SMILE-UP. announces that the proceeds from the video streams of the following groups will be entirely donated to help the areas affected by the Noto Peninsula Earthquake.  Hey! Say! JUMP Kis-My-Ft2 WEST. King ï¼† Prince SixTONES Snow Man  Source: https://smile-up.inc/s/su/news/detail/10024â€¦,10-01-2024