id,text,user
1,Earthquake felt in {location}. Stay safe! #earthquake,@quakeWatcher1
2,Strong tremors reported in {location}. #quakeAlert,@earthquakeToday2
3,Aftershocks shaking {location} following a massive earthquake. #disaster,@geoExpert3
4,Residents of {location} feel strong quake tremors. #StaySafe,@quakeNews4
5,Earthquake reported near {location}. Hope everyone is okay! #earthquakeRescue,@earthquakeAlert5
6,"Massive earthquake in {location}, stay safe everyone! #disasterAlert",@geoUpdates6
7,Strong quake hits {location}. Emergency services are on high alert. #earthquake,@quakeRescue7
8,Shaking felt across {location} due to earthquake. Prayers for safety. #quakeAlert,@earthquakeToday8
9,Aftershocks in {location} after a massive quake. #disasterAlert,@geoNews9
10,"Earthquake just shook {location}. Everyone, please be safe! #StayAlert",@quakeAlert10
11,Severe earthquake felt in {location}. Take precautions! #quakeAlert,@quakeWatcher11
12,Reports of tremors in {location}. Stay indoors! #earthquake,@earthquakeToday12
13,Aftershocks rocking {location} post-earthquake. #disaster,@geoExpert13
14,Residents in {location} urged to stay calm. #StaySafe,@quakeNews14
15,Earthquake detected near {location}. Check on your neighbors! #earthquakeRescue,@earthquakeAlert15
16,Massive quake shakes {location}. Stay alert! #disasterAlert,@geoUpdates16
17,New tremors reported in {location}. Emergency services activated. #earthquake,@quakeRescue17
18,Residents of {location} shaken again. Stay safe! #quakeAlert,@earthquakeToday18
19,Aftershocks in {location}. Be cautious! #disasterAlert,@geoNews19
20,"Tremors felt in {location}. Everyone, please be cautious! #StayAlert",@quakeAlert20
21,Aftershock warnings for {location} residents. Stay prepared! #earthquake,@quakeWatcher21
22,Reports of tremors in {location}. Check local updates! #quakeAlert,@earthquakeToday22
23,Strong aftershocks in {location} following last night's quake. #disaster,@geoExpert23
24,Residents in {location} advised to stay calm. #StaySafe,@quakeNews24
25,Tremors felt in {location}. Everyone stay vigilant! #earthquakeRescue,@earthquakeAlert25
26,Severe earthquake impacts {location}. Emergency services activated! #disasterAlert,@geoUpdates26
27,Aftershocks felt in {location}. Stay indoors! #earthquake,@quakeRescue27
28,Tremors reported in {location}. Stay safe! #quakeAlert,@earthquakeToday28
29,Residents of {location} feel strong shaking. Be cautious! #disasterAlert,@geoNews29
30,"Another earthquake just shook {location}. Everyone, please be safe! #StayAlert",@quakeAlert30
31,Tremors felt in {location}. Stay prepared for aftershocks! #earthquake,@quakeWatcher31
32,Reports of tremors in {location}. Stay safe! #quakeAlert,@earthquakeToday32
33,Aftershocks reported in {location}. Stay vigilant! #disaster,@geoExpert33
34,Residents of {location} urged to remain calm. #StaySafe,@quakeNews34
35,Earthquake detected near {location}. Check on your neighbors! #earthquakeRescue,@earthquakeAlert35
36,Massive quake shakes {location}. Stay alert! #disasterAlert,@geoUpdates36
37,Tremors felt in {location}. Emergency services on standby. #earthquake,@quakeRescue37
38,Residents of {location} shaken again. Stay safe! #quakeAlert,@earthquakeToday38
39,Aftershocks in {location}. Be cautious! #disasterAlert,@geoNews39
40,"Tremors felt in {location}. Everyone, please be cautious! #StayAlert",@quakeAlert40
41,New tremors in {location}. Stay alert and safe! #earthquake,@quakeWatcher41
42,Tremors reported in {location}. Stay indoors and safe! #quakeAlert,@earthquakeToday42
43,Aftershocks felt in {location}. Remain vigilant! #disaster,@geoExpert43
44,Residents in {location} should stay calm and prepared. #StaySafe,@quakeNews44
45,Tremors detected near {location}. Check on neighbors! #earthquakeRescue,@earthquakeAlert45
46,Strong quake impacts {location}. Emergency services are on high alert! #disasterAlert,@geoUpdates46
47,Aftershocks reported in {location}. Stay indoors! #earthquake,@quakeRescue47
48,Residents of {location} feel strong tremors again. Stay safe! #quakeAlert,@earthquakeToday48
49,Aftershocks in {location}. Be cautious and safe! #disasterAlert,@geoNews49
50,"Tremors felt in {location}. Everyone, please stay safe! #StayAlert",@quakeAlert50
51,Another earthquake felt in {location}. Stay safe everyone! #earthquake,@quakeWatcher51
52,Strong tremors reported in {location} today. Be alert! #quakeAlert,@earthquakeToday52
53,"Aftershocks shaking {location}. Everyone, please stay cautious! #disaster",@geoExpert53
54,Residents of {location} feel the tremors again. #StaySafe,@quakeNews54
55,Earthquake reported near {location}. Hope all are okay! #earthquakeRescue,@earthquakeAlert55
56,Massive quake shakes {location}. Emergency services on standby! #disasterAlert,@geoUpdates56
57,Tremors felt in {location}. Stay indoors and safe! #earthquake,@quakeRescue57
58,Residents of {location} are experiencing strong aftershocks. #quakeAlert,@earthquakeToday58
59,Aftershocks in {location} following last night's quake. Stay alert! #disasterAlert,@geoNews59
60,"Tremors felt across {location}. Everyone, please be careful! #StayAlert",@quakeAlert60
61,Reports of tremors in {location}. Stay safe and prepared! #earthquake,@quakeWatcher61
62,Shaking reported in {location}. Stay updated! #quakeAlert,@earthquakeToday62
63,Aftershocks continue in {location}. Remain vigilant! #disaster,@geoExpert63
64,Residents in {location} advised to stay calm. #StaySafe,@quakeNews64
65,Earthquake detected near {location}. Please check on your neighbors! #earthquakeRescue,@earthquakeAlert65
66,Severe tremors reported in {location}. Emergency services activated! #disasterAlert,@geoUpdates66
67,Residents of {location} shaken by aftershocks. Stay safe! #quakeAlert,@quakeRescue67
68,Tremors felt in {location}. Be aware of your surroundings! #earthquake,@earthquakeToday68
69,Aftershocks shaking {location} following a significant quake. #disasterAlert,@geoNews69
70,"Tremors felt in {location}. Everyone, stay cautious! #StayAlert",@quakeAlert70
71,Reports of strong shaking in {location}. Stay indoors! #earthquake,@quakeWatcher71
72,Residents of {location} urged to prepare for aftershocks. #quakeAlert,@earthquakeToday72
73,Aftershocks reported in {location}. Keep emergency kits handy! #disaster,@geoExpert73
74,"Tremors felt in {location}. Stay safe, everyone! #StaySafe",@quakeNews74
75,Earthquake detected in {location}. Check on your neighbors! #earthquakeRescue,@earthquakeAlert75
76,Massive quake shakes {location}. Emergency services on high alert! #disasterAlert,@geoUpdates76
77,Strong aftershocks reported in {location}. Stay safe! #quakeAlert,@quakeRescue77
78,Shaking felt across {location}. Please stay indoors! #earthquake,@earthquakeToday78
79,Aftershocks in {location}. Remain vigilant and safe! #disasterAlert,@geoNews79
80,"Tremors felt in {location}. Everyone, please stay alert! #StayAlert",@quakeAlert80
81,Tremors reported in {location}. Stay safe and prepared! #earthquake,@quakeWatcher81
82,Reports of strong shaking in {location}. Be vigilant! #quakeAlert,@earthquakeToday82
83,Aftershocks shaking {location}. Please stay safe! #disaster,@geoExpert83
84,Residents in {location} advised to stay calm and indoors. #StaySafe,@quakeNews84
85,Earthquake detected near {location}. Stay aware! #earthquakeRescue,@earthquakeAlert85
86,Tremors felt in {location}. Emergency services are on alert! #disasterAlert,@geoUpdates86
87,Aftershocks reported in {location}. Stay safe! #quakeAlert,@quakeRescue87
88,Residents of {location} feel strong tremors again. Stay cautious! #earthquake,@earthquakeToday88
89,Aftershocks in {location}. Be prepared! #disasterAlert,@geoNews89
90,"Tremors felt in {location}. Everyone, please be careful! #StayAlert",@quakeAlert90
91,Reports of shaking in {location}. Stay indoors and safe! #earthquake,@quakeWatcher91
92,Strong tremors felt in {location}. Stay alert! #quakeAlert,@earthquakeToday92
93,Aftershocks in {location}. Please remain vigilant! #disaster,@geoExpert93
94,Residents in {location} advised to remain calm. #StaySafe,@quakeNews94
95,Earthquake detected near {location}. Check on your neighbors! #earthquakeRescue,@earthquakeAlert95
96,Severe tremors reported in {location}. Emergency services activated! #disasterAlert,@geoUpdates96
97,Tremors felt in {location}. Everyone stay cautious! #quakeAlert,@quakeRescue97
98,Residents of {location} shaken by aftershocks. Stay safe! #earthquake,@earthquakeToday98
99,Aftershocks in {location}. Be aware and safe! #disasterAlert,@geoNews99
100,"Tremors felt in {location}. Everyone, please stay alert! #StayAlert",@quakeAlert100
101,Another tremor felt in {location}. Stay safe! #earthquake,@quakeWatcher101
102,Shaking reported in {location}. Please stay indoors! #quakeAlert,@earthquakeToday102
103,Aftershocks shaking {location}. Keep emergency kits ready! #disaster,@geoExpert103
104,Residents of {location} urged to stay calm during aftershocks. #StaySafe,@quakeNews104
105,Earthquake detected near {location}. Check on your loved ones! #earthquakeRescue,@earthquakeAlert105
106,Massive tremors felt in {location}. Emergency services on alert! #disasterAlert,@geoUpdates106
107,Strong aftershocks reported in {location}. Stay aware! #quakeAlert,@quakeRescue107
108,Tremors felt across {location}. Everyone should be cautious! #earthquake,@earthquakeToday108
109,Aftershocks in {location} following recent events. Stay safe! #disasterAlert,@geoNews109
110,Tremors reported in {location}. Please be careful! #StayAlert,@quakeAlert110
111,Reports of shaking in {location}. Stay informed and safe! #earthquake,@quakeWatcher111
112,Shaking felt in {location}. Stay prepared for aftershocks! #quakeAlert,@earthquakeToday112
113,Aftershocks shaking {location}. Remain vigilant! #disaster,@geoExpert113
114,Residents in {location} advised to stay indoors. #StaySafe,@quakeNews114
115,Earthquake detected near {location}. Stay alert! #earthquakeRescue,@earthquakeAlert115
116,Severe tremors felt in {location}. Emergency services on standby! #disasterAlert,@geoUpdates116
117,Aftershocks reported in {location}. Please stay safe! #quakeAlert,@quakeRescue117
118,Residents of {location} shaken by aftershocks again. Stay cautious! #earthquake,@earthquakeToday118
119,Aftershocks in {location}. Be prepared for anything! #disasterAlert,@geoNews119
120,"Tremors felt in {location}. Everyone, please remain alert! #StayAlert",@quakeAlert120
121,Reports of strong shaking in {location}. Stay safe indoors! #earthquake,@quakeWatcher121
122,Tremors reported in {location}. Stay cautious and alert! #quakeAlert,@earthquakeToday122
123,Aftershocks shaking {location}. Stay prepared! #disaster,@geoExpert123
124,Residents in {location} advised to stay calm and indoors. #StaySafe,@quakeNews124
125,Earthquake detected near {location}. Check on your friends! #earthquakeRescue,@earthquakeAlert125
126,Severe tremors reported in {location}. Emergency services activated! #disasterAlert,@geoUpdates126
127,Tremors felt in {location}. Everyone should stay safe! #quakeAlert,@quakeRescue127
128,Residents of {location} experiencing aftershocks. Stay alert! #earthquake,@earthquakeToday128
129,Aftershocks in {location}. Remain vigilant and prepared! #disasterAlert,@geoNews129
130,"Tremors felt in {location}. Everyone, please stay cautious! #StayAlert",@quakeAlert130
131,Another tremor reported in {location}. Stay safe! #earthquake,@quakeWatcher131
132,Shaking reported in {location}. Please be careful! #quakeAlert,@earthquakeToday132
133,Aftershocks shaking {location}. Keep your emergency kits ready! #disaster,@geoExpert133
134,Residents of {location} urged to stay calm during the aftershocks. #StaySafe,@quakeNews134
135,Earthquake detected near {location}. Check on your community! #earthquakeRescue,@earthquakeAlert135
136,Massive tremors felt in {location}. Emergency services on high alert! #disasterAlert,@geoUpdates136
137,Strong aftershocks reported in {location}. Stay safe! #quakeAlert,@quakeRescue137
138,Tremors felt across {location}. Please stay indoors! #earthquake,@earthquakeToday138
139,Aftershocks in {location}. Be prepared for anything! #disasterAlert,@geoNews139
140,"Tremors felt in {location}. Everyone, please stay alert! #StayAlert",@quakeAlert140
141,We just felt a strong tremor in {location}. Everyone stay indoors until it's safe! #earthquake,@quakeWatcher141
142,Reports of significant shaking in {location}. Please check on your neighbors and stay safe! #quakeAlert,@earthquakeToday142
143,"Residents in {location}, aftershocks have been detected. Keep your emergency kits handy! #disasterPreparedness",@geoExpert143
144,Feeling the tremors in {location}? It’s crucial to remain calm and alert! #StaySafe,@quakeNews144
145,Earthquake alerts for {location}. Stay tuned for updates and take precautions! #earthquakeRescue,@earthquakeAlert145
146,Just received reports of aftershocks in {location}. Please avoid unnecessary travel! #disasterAlert,@geoUpdates146
147,Tremors felt in {location} indicate seismic activity. Stay informed and safe! #quakeAlert,@quakeRescue147
148,A series of aftershocks has hit {location}. Remain vigilant and look out for one another! #earthquake,@earthquakeToday148
149,Seismic activity reported in {location}. Prepare for potential disruptions! #disasterAlert,@geoNews149
150,Residents of {location} are experiencing tremors. Secure heavy furniture and stay safe! #StayAlert,@quakeAlert150
151,Strong aftershocks felt in {location}. Make sure your emergency supplies are ready! #earthquakeSafety,@quakeWatcher151
152,Reports confirm shaking in {location}. Stay indoors and avoid panic! #quakeAlert,@earthquakeToday152
153,The ground is shaking in {location}. Follow safety protocols and stay calm! #disasterPreparedness,@geoExpert153
154,Tremors have been detected in {location}. Check on vulnerable neighbors! #StaySafe,@quakeNews154
155,Emergency alerts for {location}. Prepare for aftershocks and stay informed! #earthquakeRescue,@earthquakeAlert155
156,Aftershocks in {location} are causing concern. Stay updated through reliable sources! #disasterAlert,@geoUpdates156
157,Shaking felt across {location}. Ensure your emergency plans are in place! #quakeAlert,@quakeRescue157
158,Reports indicate tremors in {location}. Stay inside and stay safe! #earthquake,@earthquakeToday158
159,Seismic events are affecting {location}. Prepare for potential disruptions! #disasterAlert,@geoNews159
160,"Residents in {location}, please stay alert for aftershocks and check on each other! #StayAlert",@quakeAlert160
161,Shaking reported in {location}. Keep calm and follow safety protocols! #earthquake,@quakeWatcher161
162,Tremors felt in {location} are causing some concern. Stay indoors until further notice! #quakeAlert,@earthquakeToday162
163,Aftershocks have been felt in {location}. Ensure you have your emergency kits ready! #disasterPreparedness,@geoExpert163
164,Reports of significant shaking in {location}. Check in on your neighbors! #StaySafe,@quakeNews164
165,A series of aftershocks have been reported near {location}. Stay alert and be prepared! #earthquakeRescue,@earthquakeAlert165
166,Shaking reported in {location}. Secure heavy items and stay safe! #disasterAlert,@geoUpdates166
167,Tremors have been felt in {location}. Follow local safety guidelines! #quakeAlert,@quakeRescue167
168,"Residents in {location}, ensure you are prepared for possible aftershocks! #earthquake",@earthquakeToday168
169,Seismic activity in {location} has been reported. Stay informed and vigilant! #disasterAlert,@geoNews169
170,The ground is shaking in {location}. Please follow safety procedures! #StayAlert,@quakeAlert170
171,Just felt a significant tremor in {location}. Stay calm and be prepared for aftershocks! #earthquake,@quakeWatcher171
172,Tremors reported in {location}. Make sure to check on vulnerable community members! #quakeAlert,@earthquakeToday172
173,Aftershocks shaking {location}. Stay safe and follow local advisories! #disasterPreparedness,@geoExpert173
174,"Residents of {location}, ensure you have your emergency supplies ready. Stay alert! #StaySafe",@quakeNews174
175,Earthquake activity detected near {location}. Please remain indoors until cleared! #earthquakeRescue,@earthquakeAlert175
176,Shaking felt in {location}. Keep your phones charged and stay updated! #disasterAlert,@geoUpdates176
177,Strong aftershocks in {location}. Remain cautious and look out for your neighbors! #quakeAlert,@quakeRescue177
178,Reports confirm tremors in {location}. Stay indoors and avoid any distractions! #earthquake,@earthquakeToday178
179,Seismic disturbances have been noted in {location}. Keep your emergency kits accessible! #disasterAlert,@geoNews179
180,Residents in {location} should be on high alert for possible aftershocks. Stay safe! #StayAlert,@quakeAlert180
181,Aftershocks felt in {location}. Ensure you know your emergency evacuation routes! #earthquakeSafety,@quakeWatcher181
182,Tremors reported in {location}. Stay tuned to local news for updates! #quakeAlert,@earthquakeToday182
183,Shaking detected in {location}. Please secure your belongings and stay indoors! #disasterPreparedness,@geoExpert183
184,Reports of seismic activity in {location}. Stay calm and check on your loved ones! #StaySafe,@quakeNews184
185,Earthquake alerts for {location}. Prepare for possible disruptions! #earthquakeRescue,@earthquakeAlert185
186,Tremors have hit {location}. Stay vigilant and keep an eye on updates! #disasterAlert,@geoUpdates186
187,"Residents of {location}, please check on elderly neighbors during these tremors! #quakeAlert",@quakeRescue187
188,Aftershocks in {location} may continue for some time. Stay prepared! #earthquake,@earthquakeToday188
189,Significant shaking reported in {location}. Please avoid unnecessary travel! #disasterAlert,@geoNews189
190,"Tremors felt across {location}. Everyone, please stay indoors and remain alert! #StayAlert",@quakeAlert190
191,Strong aftershocks felt in {location}. Check in on friends and family! #earthquakeSafety,@quakeWatcher191
192,Reports indicate tremors in {location}. Stay informed and follow safety guidelines! #quakeAlert,@earthquakeToday192
193,Seismic activity detected in {location}. Secure your belongings and be prepared! #disasterPreparedness,@geoExpert193
194,"Residents in {location}, ensure your emergency kits are ready for aftershocks! #StaySafe",@quakeNews194
195,Earthquake activity in {location}. Stay safe and avoid panic! #earthquakeRescue,@earthquakeAlert195
196,Aftershocks have been reported in {location}. Please stay alert and cautious! #disasterAlert,@geoUpdates196
197,Tremors felt in {location}. Make sure your family has a safety plan! #quakeAlert,@quakeRescue197
198,Reports of significant shaking in {location}. Check your emergency supplies! #earthquake,@earthquakeToday198
199,Seismic disturbances noted in {location}. Follow local safety protocols! #disasterAlert,@geoNews199
200,"Residents of {location}, stay alert for aftershocks and keep emergency numbers handy! #StayAlert",@quakeAlert200
201,Tremors felt in {location}. Make sure to check on your emergency plans! #earthquake,@quakeWatcher201
202,Strong shaking reported in {location}. Stay indoors and remain calm! #quakeAlert,@earthquakeToday202
203,Aftershocks in {location} could follow. Keep your emergency supplies handy! #disasterPreparedness,@geoExpert203
204,"Residents of {location}, ensure your pets are safe during these tremors! #StaySafe",@quakeNews204
205,Reports of an earthquake near {location}. Stay alert for updates! #earthquakeRescue,@earthquakeAlert205
206,Tremors have been detected in {location}. Keep calm and follow safety measures! #disasterAlert,@geoUpdates206
207,Significant shaking reported in {location}. Check your surroundings for safety! #quakeAlert,@quakeRescue207
208,Aftershocks likely in {location}. Stay updated and be prepared! #earthquake,@earthquakeToday208
209,Seismic activity in {location} has been reported. Keep emergency kits accessible! #disasterAlert,@geoNews209
210,"Residents in {location}, stay alert and follow local safety guidelines! #StayAlert",@quakeAlert210
211,Tremors reported in {location}. Stay indoors until further notice! #earthquakeSafety,@quakeWatcher211
212,Reports confirm shaking in {location}. Secure your belongings and stay safe! #quakeAlert,@earthquakeToday212
213,The ground is shaking in {location}. Keep emergency contacts handy! #disasterPreparedness,@geoExpert213
214,Tremors felt in {location}. Stay close to your loved ones during this time! #StaySafe,@quakeNews214
215,Earthquake activity detected near {location}. Prepare for possible aftershocks! #earthquakeRescue,@earthquakeAlert215
216,Shaking reported in {location}. Please avoid moving around unnecessarily! #disasterAlert,@geoUpdates216
217,Tremors felt in {location}. Make sure your family has a safety plan ready! #quakeAlert,@quakeRescue217
218,Reports indicate seismic activity in {location}. Stay informed through reliable sources! #earthquake,@earthquakeToday218
219,"Residents of {location}, stay calm and prepare for potential aftershocks! #disasterAlert",@geoNews219
220,Strong aftershocks felt in {location}. Check in on friends and family! #StayAlert,@quakeAlert220
221,Earthquake reports in {location}. Ensure you have an emergency kit ready! #earthquakeSafety,@quakeWatcher221
222,Tremors have been felt in {location}. Stay tuned for updates from local authorities! #quakeAlert,@earthquakeToday222
223,Aftershocks detected in {location}. Keep your phone charged and stay alert! #disasterPreparedness,@geoExpert223
224,Reports confirm shaking in {location}. Remain calm and follow safety procedures! #StaySafe,@quakeNews224
225,Seismic disturbances have hit {location}. Prepare for possible aftershocks! #earthquakeRescue,@earthquakeAlert225
226,"Residents in {location}, be aware of your surroundings and stay safe! #disasterAlert",@geoUpdates226
227,Tremors reported in {location}. Secure heavy items and stay indoors! #quakeAlert,@quakeRescue227
228,Earthquake activity detected in {location}. Stay indoors and avoid panic! #earthquake,@earthquakeToday228
229,Reports of significant shaking in {location}. Keep emergency contacts handy! #disasterAlert,@geoNews229
230,Strong aftershocks expected in {location}. Stay prepared and informed! #StayAlert,@quakeAlert230
231,Tremors felt in {location}. Check your emergency plans and stay safe! #earthquake,@quakeWatcher231
232,Significant shaking reported in {location}. Stay calm and follow local guidance! #quakeAlert,@earthquakeToday232
233,Aftershocks may follow in {location}. Keep emergency supplies within reach! #disasterPreparedness,@geoExpert233
234,"Residents of {location}, ensure your families are safe during these tremors! #StaySafe",@quakeNews234
235,Reports of an earthquake near {location}. Stay tuned for updates and alerts! #earthquakeRescue,@earthquakeAlert235
236,Tremors detected in {location}. Please remain indoors and avoid crowded areas! #disasterAlert,@geoUpdates236
237,Strong shaking reported in {location}. Make sure your loved ones are accounted for! #quakeAlert,@quakeRescue237
238,Aftershocks expected in {location}. Prepare yourself and your family! #earthquake,@earthquakeToday238
239,Seismic activity noted in {location}. Ensure your emergency kit is ready! #disasterAlert,@geoNews239
240,"Residents in {location}, stay alert and check for any damage! #StayAlert",@quakeAlert240
241,Tremors felt in {location}. Remember to stay calm and follow safety protocols! #earthquakeSafety,@quakeWatcher241
242,Reports confirm shaking in {location}. Avoid moving around if possible! #quakeAlert,@earthquakeToday242
243,The ground is shaking in {location}. Stay informed and keep emergency numbers handy! #disasterPreparedness,@geoExpert243
244,Tremors reported in {location}. Ensure your family knows what to do during quakes! #StaySafe,@quakeNews244
245,Earthquake activity detected near {location}. Stay alert for potential aftershocks! #earthquakeRescue,@earthquakeAlert245
246,Shaking felt in {location}. Keep emergency contacts within reach! #disasterAlert,@geoUpdates246
247,Tremors in {location}. Secure heavy furniture and stay alert for updates! #quakeAlert,@quakeRescue247
248,Reports of significant shaking in {location}. Make sure to check on your neighbors! #earthquake,@earthquakeToday248
249,Seismic disturbances noted in {location}. Stay informed and prepared! #disasterAlert,@geoNews249
250,"Residents of {location}, stay calm and follow local safety measures! #StayAlert",@quakeAlert250
251,Tremors felt in {location}. Make sure your pets are safe during this time! #earthquakeSafety,@quakeWatcher251
252,Strong shaking reported in {location}. Ensure your family is safe and secure! #quakeAlert,@earthquakeToday252
253,Aftershocks may occur in {location}. Keep your emergency supplies handy! #disasterPreparedness,@geoExpert253
254,"Residents in {location}, stay safe and be aware of your surroundings! #StaySafe",@quakeNews254
255,Reports of an earthquake near {location}. Stay informed and follow updates! #earthquakeRescue,@earthquakeAlert255
256,Tremors detected in {location}. Secure your belongings and stay indoors! #disasterAlert,@geoUpdates256
257,Strong shaking reported in {location}. Check in with friends and family! #quakeAlert,@quakeRescue257
258,Aftershocks expected in {location}. Be prepared for any emergencies! #earthquake,@earthquakeToday258
259,Seismic activity noted in {location}. Ensure your emergency kit is accessible! #disasterAlert,@geoNews259
260,"Residents of {location}, stay calm and be ready for updates! #StayAlert",@quakeAlert260
261,Tremors felt in {location}. Review your emergency plans today! #earthquakePreparedness,@quakeWatcher261
262,Strong shaking reported in {location}. Stay safe and avoid moving around! #quakeAlert,@earthquakeToday262
263,Aftershocks may hit {location}. Keep your emergency supplies stocked! #disasterReady,@geoExpert263
264,"Residents of {location}, ensure your safety and check on neighbors! #StaySafe",@quakeNews264
265,Reports of an earthquake near {location}. Follow local safety protocols! #earthquakeRescue,@earthquakeAlert265
266,Tremors detected in {location}. Stay indoors and monitor updates! #disasterAlert,@geoUpdates266
267,Significant shaking reported in {location}. Make sure everyone is accounted for! #quakeAlert,@quakeRescue267
268,Aftershocks likely in {location}. Be prepared and stay vigilant! #earthquakeSafety,@earthquakeToday268
269,Seismic activity in {location}. Have your emergency kit ready! #disasterPreparedness,@geoNews269
270,"Residents in {location}, stay alert and follow instructions from local authorities! #StayAlert",@quakeAlert270
271,Tremors felt in {location}. Stay calm and avoid panic! #earthquakeAwareness,@quakeWatcher271
272,Reports confirm shaking in {location}. Make sure your home is secure! #quakeAlert,@earthquakeToday272
273,Ground shaking detected in {location}. Keep emergency contacts nearby! #disasterPreparedness,@geoExpert273
274,Tremors reported in {location}. Ensure your family knows safety procedures! #StaySafe,@quakeNews274
275,Earthquake activity near {location}. Stay informed and be prepared! #earthquakeRescue,@earthquakeAlert275
276,Shaking reported in {location}. Secure heavy objects and stay safe! #disasterAlert,@geoUpdates276
277,Tremors in {location}. Keep emergency kits accessible and stay indoors! #quakeAlert,@quakeRescue277
278,Reports of significant shaking in {location}. Check on your loved ones! #earthquake,@earthquakeToday278
279,Seismic disturbances noted in {location}. Stay aware and prepared! #disasterAlert,@geoNews279
280,"Residents of {location}, remain calm and stay tuned for updates! #StayAlert",@quakeAlert280
281,Tremors felt in {location}. Make sure to have a safety plan in place! #earthquakePreparedness,@quakeWatcher281
282,Strong shaking reported in {location}. Stay indoors and avoid crowded places! #quakeAlert,@earthquakeToday282
283,Aftershocks may occur in {location}. Keep emergency supplies within reach! #disasterReady,@geoExpert283
284,"Residents of {location}, check your surroundings for safety! #StaySafe",@quakeNews284
285,Reports of an earthquake near {location}. Stay updated with local news! #earthquakeRescue,@earthquakeAlert285
286,Tremors detected in {location}. Remain calm and stay indoors! #disasterAlert,@geoUpdates286
287,Strong shaking reported in {location}. Ensure your family is safe and secure! #quakeAlert,@quakeRescue287
288,Aftershocks expected in {location}. Be prepared and stay informed! #earthquakeSafety,@earthquakeToday288
289,Seismic activity noted in {location}. Ensure your emergency kit is accessible! #disasterPreparedness,@geoNews289
290,"Residents of {location}, stay calm and follow local safety measures! #StayAlert",@quakeAlert290
291,Tremors felt in {location}. Ensure your family has a safety plan ready! #earthquakePreparedness,@quakeWatcher291
292,Strong shaking reported in {location}. Stay safe and check on your neighbors! #quakeAlert,@earthquakeToday292
293,Aftershocks may follow in {location}. Keep emergency supplies stocked and accessible! #disasterReady,@geoExpert293
294,"Residents of {location}, remember to stay indoors during tremors! #StaySafe",@quakeNews294
295,Reports of an earthquake near {location}. Stay tuned for safety updates! #earthquakeRescue,@earthquakeAlert295
296,Tremors detected in {location}. Check your emergency plan with family! #disasterAlert,@geoUpdates296
297,Significant shaking reported in {location}. Make sure everyone is safe! #quakeAlert,@quakeRescue297
298,Aftershocks expected in {location}. Stay prepared and keep your emergency kit handy! #earthquakeSafety,@earthquakeToday298
299,Seismic activity in {location}. Ensure you have essential supplies ready! #disasterPreparedness,@geoNews299
300,"Residents in {location}, stay alert and monitor local news for updates! #StayAlert",@quakeAlert300
301,Tremors felt in {location}. Avoid panic and follow safety protocols! #earthquakeAwareness,@quakeWatcher301
302,Reports confirm shaking in {location}. Secure your belongings and stay safe! #quakeAlert,@earthquakeToday302
303,Ground shaking detected in {location}. Keep emergency contacts accessible! #disasterPreparedness,@geoExpert303
304,Tremors reported in {location}. Make sure your family knows what to do! #StaySafe,@quakeNews304
305,Earthquake activity noted near {location}. Stay informed and prepared! #earthquakeRescue,@earthquakeAlert305
306,Shaking reported in {location}. Secure heavy objects to prevent damage! #disasterAlert,@geoUpdates306
307,Tremors in {location}. Have your emergency plan in place and stay indoors! #quakeAlert,@quakeRescue307
308,Reports of significant shaking in {location}. Check on your loved ones and stay safe! #earthquake,@earthquakeToday308
309,Seismic disturbances noted in {location}. Stay aware and prepared for aftershocks! #disasterAlert,@geoNews309
310,"Residents of {location}, remain calm and be ready for updates from authorities! #StayAlert",@quakeAlert310
311,Tremors felt in {location}. Ensure your emergency kit is ready for any situation! #earthquakePreparedness,@quakeWatcher311
312,Strong shaking reported in {location}. Stay indoors and avoid moving around unnecessarily! #quakeAlert,@earthquakeToday312
313,Aftershocks may occur in {location}. Keep your family close and safe! #disasterReady,@geoExpert313
314,"Residents of {location}, check your surroundings for safety and report any issues! #StaySafe",@quakeNews314
315,Reports of an earthquake near {location}. Stay updated and follow local guidance! #earthquakeRescue,@earthquakeAlert315
316,Tremors detected in {location}. Remain calm and monitor your local news! #disasterAlert,@geoUpdates316
317,Strong shaking reported in {location}. Ensure your home is prepared for emergencies! #quakeAlert,@quakeRescue317
318,Aftershocks expected in {location}. Be prepared and keep emergency contacts handy! #earthquakeSafety,@earthquakeToday318
319,Seismic activity noted in {location}. Keep your emergency supplies stocked! #disasterPreparedness,@geoNews319
320,"Residents of {location}, stay calm and be ready to respond to updates! #StayAlert",@quakeAlert320
321,Tremors felt in {location}. Stay informed about safety measures! #earthquakePreparedness,@quakeWatcher321
322,Reports of shaking in {location}. Ensure your family knows the safety plan! #quakeAlert,@earthquakeToday322
323,Aftershocks may follow in {location}. Check your emergency kit today! #disasterReady,@geoExpert323
324,"Residents of {location}, stay indoors and stay safe during these tremors! #StaySafe",@quakeNews324
325,Earthquake detected near {location}. Stay tuned for safety updates from officials! #earthquakeRescue,@earthquakeAlert325
326,Tremors reported in {location}. Secure heavy items to prevent accidents! #disasterAlert,@geoUpdates326
327,Significant shaking felt in {location}. Make sure your loved ones are safe! #quakeAlert,@quakeRescue327
328,Aftershocks expected in {location}. Stay prepared and stay close to family! #earthquakeSafety,@earthquakeToday328
329,Seismic activity reported in {location}. Have a communication plan ready! #disasterPreparedness,@geoNews329
330,"Residents of {location}, monitor local news for updates and safety instructions! #StayAlert",@quakeAlert330
331,Tremors felt in {location}. Remember to stay calm and follow safety guidelines! #earthquakeAwareness,@quakeWatcher331
332,Reports confirm shaking in {location}. Double-check your emergency supplies! #quakeAlert,@earthquakeToday332
333,Ground shaking detected in {location}. Keep emergency contacts handy! #disasterPreparedness,@geoExpert333
334,Tremors reported in {location}. Discuss safety procedures with your family! #StaySafe,@quakeNews334
335,Earthquake activity near {location}. Stay updated and prepare for aftershocks! #earthquakeRescue,@earthquakeAlert335
336,Shaking reported in {location}. Check on your neighbors and offer help! #disasterAlert,@geoUpdates336
337,Tremors in {location}. Have your emergency plan in place and stay indoors! #quakeAlert,@quakeRescue337
338,Reports of significant shaking in {location}. Stay connected and share updates! #earthquake,@earthquakeToday338
339,Seismic disturbances noted in {location}. Stay aware and monitor for updates! #disasterAlert,@geoNews339
340,"Residents of {location}, remain calm and follow instructions from local authorities! #StayAlert",@quakeAlert340
341,Tremors felt in {location}. Ensure your emergency supplies are ready to go! #earthquakePreparedness,@quakeWatcher341
342,Strong shaking reported in {location}. Stay inside and avoid crowded places! #quakeAlert,@earthquakeToday342
343,Aftershocks may occur in {location}. Keep your family close and secure! #disasterReady,@geoExpert343
344,"Residents of {location}, check your safety plans and stay alert! #StaySafe",@quakeNews344
345,Reports of an earthquake near {location}. Stay updated with safety information! #earthquakeRescue,@earthquakeAlert345
346,Tremors detected in {location}. Remain calm and monitor local news for updates! #disasterAlert,@geoUpdates346
347,Strong shaking reported in {location}. Ensure your home is ready for emergencies! #quakeAlert,@quakeRescue347
348,Aftershocks expected in {location}. Be prepared and keep emergency supplies handy! #earthquakeSafety,@earthquakeToday348
349,Seismic activity noted in {location}. Keep your emergency kit accessible! #disasterPreparedness,@geoNews349
350,"Residents of {location}, stay calm and be ready to respond to updates! #StayAlert",@quakeAlert350
351,Tremors reported in {location}. Stay calm and check on your family! #earthquakePreparedness,@quakeWatcher351
352,Strong shaking felt in {location}. Ensure your emergency plan is in place! #quakeAlert,@earthquakeToday352
353,Aftershocks possible in {location}. Keep your emergency contacts ready! #disasterReady,@geoExpert353
354,"Residents of {location}, make sure to secure your belongings! #StaySafe",@quakeNews354
355,Earthquake detected near {location}. Stay tuned for safety updates! #earthquakeRescue,@earthquakeAlert355
356,Tremors felt in {location}. Be prepared and stay informed! #disasterAlert,@geoUpdates356
357,Significant shaking reported in {location}. Check on your neighbors! #quakeAlert,@quakeRescue357
358,Aftershocks expected in {location}. Stay vigilant and ready! #earthquakeSafety,@earthquakeToday358
359,Seismic activity reported in {location}. Have a plan and be prepared! #disasterPreparedness,@geoNews359
360,"Residents of {location}, follow local news for updates and instructions! #StayAlert",@quakeAlert360
361,Tremors felt in {location}. Discuss safety protocols with your family! #earthquakeAwareness,@quakeWatcher361
362,Reports confirm shaking in {location}. Secure your emergency supplies! #quakeAlert,@earthquakeToday362
363,Ground shaking detected in {location}. Keep emergency numbers handy! #disasterPreparedness,@geoExpert363
364,Tremors reported in {location}. Stay inside and avoid unnecessary movement! #StaySafe,@quakeNews364
365,Earthquake activity near {location}. Be prepared for updates from authorities! #earthquakeRescue,@earthquakeAlert365
366,Shaking reported in {location}. Have a communication plan with your family! #disasterAlert,@geoUpdates366
367,Tremors in {location}. Have your emergency kit accessible and stay informed! #quakeAlert,@quakeRescue367
368,Reports of significant shaking in {location}. Check in with your loved ones! #earthquake,@earthquakeToday368
369,Seismic disturbances noted in {location}. Stay alert and follow local guidance! #disasterAlert,@geoNews369
370,"Residents of {location}, stay calm and wait for instructions from officials! #StayAlert",@quakeAlert370
371,Tremors felt in {location}. Ensure your emergency plan is communicated! #earthquakePreparedness,@quakeWatcher371
372,Strong shaking reported in {location}. Avoid crowded places until it's safe! #quakeAlert,@earthquakeToday372
373,Aftershocks may occur in {location}. Stay prepared and keep your family close! #disasterReady,@geoExpert373
374,"Residents of {location}, check your emergency plans and stay vigilant! #StaySafe",@quakeNews374
375,Reports of an earthquake near {location}. Stay updated with local authorities! #earthquakeRescue,@earthquakeAlert375
376,Tremors detected in {location}. Remain calm and stay tuned for updates! #disasterAlert,@geoUpdates376
377,Strong shaking reported in {location}. Ensure your home is secure! #quakeAlert,@quakeRescue377
378,Aftershocks expected in {location}. Be ready and keep essentials on hand! #earthquakeSafety,@earthquakeToday378
379,Seismic activity noted in {location}. Keep your emergency supplies stocked! #disasterPreparedness,@geoNews379
380,"Residents of {location}, stay calm and be ready for updates from authorities! #StayAlert",@quakeAlert380
381,Tremors felt in {location}. Check on your neighbors and stay safe! #earthquakePreparedness,@quakeWatcher381
382,Strong shaking reported in {location}. Remember to stay indoors until it’s safe! #quakeAlert,@earthquakeToday382
383,Aftershocks may occur in {location}. Have a safety plan ready! #disasterReady,@geoExpert383
384,"Residents of {location}, make sure your emergency supplies are stocked! #StaySafe",@quakeNews384
385,Earthquake detected near {location}. Follow local news for updates! #earthquakeRescue,@earthquakeAlert385
386,Tremors reported in {location}. Stay calm and check your emergency kits! #disasterAlert,@geoUpdates386
387,Significant shaking felt in {location}. Ensure your family knows safety procedures! #quakeAlert,@quakeRescue387
388,Aftershocks expected in {location}. Be prepared and stay informed! #earthquakeSafety,@earthquakeToday388
389,Seismic activity reported in {location}. Keep emergency contacts accessible! #disasterPreparedness,@geoNews389
390,"Residents of {location}, remain indoors and stay safe until further notice! #StayAlert",@quakeAlert390
391,Tremors felt in {location}. Discuss safety protocols with your family today! #earthquakeAwareness,@quakeWatcher391
392,Reports confirm shaking in {location}. Secure heavy furniture and stay safe! #quakeAlert,@earthquakeToday392
393,Ground shaking detected in {location}. Keep your emergency plan updated! #disasterPreparedness,@geoExpert393
394,Tremors reported in {location}. Stay informed and follow safety instructions! #StaySafe,@quakeNews394
395,Earthquake activity near {location}. Check on your loved ones and stay alert! #earthquakeRescue,@earthquakeAlert395
396,Shaking reported in {location}. Stay indoors and avoid unnecessary travel! #disasterAlert,@geoUpdates396
397,Tremors in {location}. Have your emergency kit ready and stay safe! #quakeAlert,@quakeRescue397
398,Reports of significant shaking in {location}. Keep emergency supplies close! #earthquake,@earthquakeToday398
399,Seismic disturbances noted in {location}. Stay alert and monitor local news! #disasterAlert,@geoNews399
400,"Residents of {location}, stay calm and wait for further instructions! #StayAlert",@quakeAlert400
401,"Tremors reported in {location}. Remember to drop, cover, and hold on! #earthquakePreparedness",@quakeWatcher401
402,Strong shaking felt in {location}. Stay updated with local emergency services! #quakeAlert,@earthquakeToday402
403,Aftershocks possible in {location}. Ensure your family knows the safety exits! #disasterReady,@geoExpert403
404,"Residents of {location}, check your emergency kits and supplies! #StaySafe",@quakeNews404
405,Earthquake detected near {location}. Stay tuned for updates from local authorities! #earthquakeRescue,@earthquakeAlert405
406,Tremors felt in {location}. Stay indoors and avoid panicking! #disasterAlert,@geoUpdates406
407,Significant shaking reported in {location}. Make sure to check on elderly neighbors! #quakeAlert,@quakeRescue407
408,Aftershocks expected in {location}. Keep your emergency plan at hand! #earthquakeSafety,@earthquakeToday408
409,Seismic activity noted in {location}. Stay aware of your surroundings! #disasterPreparedness,@geoNews409
410,"Residents of {location}, prepare for potential aftershocks and stay safe! #StayAlert",@quakeAlert410
411,Tremors felt in {location}. Make sure your pets are safe and secure! #earthquakeAwareness,@quakeWatcher411
412,Reports confirm shaking in {location}. Follow safety guidelines from local officials! #quakeAlert,@earthquakeToday412
413,Ground shaking detected in {location}. Keep a radio handy for updates! #disasterPreparedness,@geoExpert413
414,Tremors reported in {location}. Stay calm and help others if you can! #StaySafe,@quakeNews414
415,Earthquake activity near {location}. Be vigilant and check your supplies! #earthquakeRescue,@earthquakeAlert415
416,Shaking reported in {location}. Avoid using elevators and stay on the ground floor! #disasterAlert,@geoUpdates416
417,Tremors in {location}. Prepare for possible evacuation and keep essentials ready! #quakeAlert,@quakeRescue417
418,Reports of significant shaking in {location}. Connect with your loved ones! #earthquake,@earthquakeToday418
419,Seismic disturbances noted in {location}. Stay tuned for safety announcements! #disasterAlert,@geoNews419
420,"Residents of {location}, remain vigilant and stay informed about the situation! #StayAlert",@quakeAlert420
421,Tremors felt in {location}. Prepare your emergency kit and stay indoors! #earthquakePreparedness,@quakeWatcher421
422,Strong shaking reported in {location}. Stay away from windows and glass doors! #quakeAlert,@earthquakeToday422
423,Aftershocks possible in {location}. Practice safety drills with your family! #disasterReady,@geoExpert423
424,"Residents of {location}, ensure your gas lines are secure and avoid open flames! #StaySafe",@quakeNews424
425,Earthquake detected near {location}. Stay informed through official channels! #earthquakeRescue,@earthquakeAlert425
426,"Tremors felt in {location}. If you’re outside, find an open area away from buildings! #disasterAlert",@geoUpdates426
427,Significant shaking reported in {location}. Check on friends and family nearby! #quakeAlert,@quakeRescue427
428,Aftershocks expected in {location}. Have a communication plan in place! #earthquakeSafety,@earthquakeToday428
429,Seismic activity reported in {location}. Know your evacuation routes! #disasterPreparedness,@geoNews429
430,"Residents of {location}, stay calm and listen for emergency updates! #StayAlert",@quakeAlert430
431,Tremors felt in {location}. Move to a safe location and stay low! #earthquakeAwareness,@quakeWatcher431
432,Reports confirm shaking in {location}. Be ready for further instructions from authorities! #quakeAlert,@earthquakeToday432
433,Ground shaking detected in {location}. Avoid panic and follow safety protocols! #disasterPreparedness,@geoExpert433
434,Tremors reported in {location}. Stay updated on local news for safety information! #StaySafe,@quakeNews434
435,Earthquake activity near {location}. Ensure your family knows how to react! #earthquakeRescue,@earthquakeAlert435
436,Shaking reported in {location}. Keep emergency numbers easily accessible! #disasterAlert,@geoUpdates436
437,Tremors in {location}. Have your go-bag ready in case of evacuation! #quakeAlert,@quakeRescue437
438,Reports of significant shaking in {location}. Stay connected with your community! #earthquake,@earthquakeToday438
439,Seismic disturbances noted in {location}. Follow local authorities for guidance! #disasterAlert,@geoNews439
440,"Residents of {location}, stay vigilant and check on vulnerable neighbors! #StayAlert",@quakeAlert440
441,Tremors felt in {location}. Keep your emergency kit accessible and stay calm! #earthquakePreparedness,@quakeWatcher441
442,Strong shaking reported in {location}. Secure your belongings and stay indoors! #quakeAlert,@earthquakeToday442
443,Aftershocks may occur in {location}. Familiarize yourself with safety procedures! #disasterReady,@geoExpert443
444,"Residents of {location}, make sure to check on elderly and disabled neighbors! #StaySafe",@quakeNews444
445,Earthquake detected near {location}. Follow updates from local authorities! #earthquakeRescue,@earthquakeAlert445
446,"Tremors felt in {location}. If you're in a vehicle, pull over safely and stay put! #disasterAlert",@geoUpdates446
447,Significant shaking reported in {location}. Prepare for potential evacuations! #quakeAlert,@quakeRescue447
448,Aftershocks expected in {location}. Stay informed and have a communication plan! #earthquakeSafety,@earthquakeToday448
449,Seismic activity reported in {location}. Know your exits and stay aware! #disasterPreparedness,@geoNews449
450,"Residents of {location}, remain indoors until you receive the all-clear! #StayAlert",@quakeAlert450
451,Tremors felt in {location}. Move away from heavy furniture and glass! #earthquakeAwareness,@quakeWatcher451
452,Reports confirm shaking in {location}. Ensure you have a backup power source! #quakeAlert,@earthquakeToday452
453,Ground shaking detected in {location}. Stay low and protect your head and neck! #disasterPreparedness,@geoExpert453
454,Tremors reported in {location}. Keep your loved ones informed about your status! #StaySafe,@quakeNews454
455,Earthquake activity near {location}. Maintain communication with family and friends! #earthquakeRescue,@earthquakeAlert455
456,Shaking reported in {location}. Stay alert for emergency instructions! #disasterAlert,@geoUpdates456
457,Tremors in {location}. Be ready for potential aftershocks and stay prepared! #quakeAlert,@quakeRescue457
458,Reports of significant shaking in {location}. Help those in need if safe to do so! #earthquake,@earthquakeToday458
459,Seismic disturbances noted in {location}. Stay safe and check for updates! #disasterAlert,@geoNews459
460,"Residents of {location}, stay strong and look out for each other! #StayAlert",@quakeAlert460
461,Tremors felt in {location}. Stay away from tall structures and find cover! #earthquakePreparedness,@quakeWatcher461
462,Strong shaking reported in {location}. Keep your phone charged for updates! #quakeAlert,@earthquakeToday462
463,Aftershocks may occur in {location}. Review your emergency plans! #disasterReady,@geoExpert463
464,"Residents of {location}, check your emergency supplies and stay alert! #StaySafe",@quakeNews464
465,Earthquake detected near {location}. Stay tuned for safety instructions! #earthquakeRescue,@earthquakeAlert465
466,"Tremors felt in {location}. If you’re at work, follow your company's safety protocol! #disasterAlert",@geoUpdates466
467,Significant shaking reported in {location}. Be cautious and look out for others! #quakeAlert,@quakeRescue467
468,Aftershocks expected in {location}. Stay in a safe location and keep informed! #earthquakeSafety,@earthquakeToday468
469,Seismic activity reported in {location}. Make sure you have a family meeting point! #disasterPreparedness,@geoNews469
470,"Residents of {location}, stay indoors until you receive updates! #StayAlert",@quakeAlert470
471,Tremors felt in {location}. Check on your pets and ensure their safety! #earthquakeAwareness,@quakeWatcher471
472,Reports confirm shaking in {location}. Make sure to stay informed through reliable sources! #quakeAlert,@earthquakeToday472
473,Ground shaking detected in {location}. Protect yourself and those around you! #disasterPreparedness,@geoExpert473
474,Tremors reported in {location}. Have a first aid kit ready and accessible! #StaySafe,@quakeNews474
475,Earthquake activity near {location}. Stay connected with neighbors for mutual support! #earthquakeRescue,@earthquakeAlert475
476,Shaking reported in {location}. Remain calm and follow safety measures! #disasterAlert,@geoUpdates476
477,Tremors in {location}. Have an evacuation plan in place just in case! #quakeAlert,@quakeRescue477
478,Reports of significant shaking in {location}. Help those who may need assistance! #earthquake,@earthquakeToday478
479,Seismic disturbances noted in {location}. Keep essential documents in a safe place! #disasterAlert,@geoNews479
480,"Residents of {location}, stay aware and prioritize your safety! #StayAlert",@quakeAlert480
481,Tremors felt in {location}. Secure your valuables and stay low! #earthquakePreparedness,@quakeWatcher481
482,Strong shaking reported in {location}. Keep emergency contacts handy! #quakeAlert,@earthquakeToday482
483,Aftershocks may occur in {location}. Review your family’s emergency plan! #disasterReady,@geoExpert483
484,"Residents of {location}, check your emergency kits and stay indoors! #StaySafe",@quakeNews484
485,Earthquake detected near {location}. Stay updated via local news channels! #earthquakeRescue,@earthquakeAlert485
486,"Tremors felt in {location}. If you’re outdoors, move to an open space! #disasterAlert",@geoUpdates486
487,Significant shaking reported in {location}. Stay alert for further instructions! #quakeAlert,@quakeRescue487
488,Aftershocks expected in {location}. Ensure you have adequate supplies at home! #earthquakeSafety,@earthquakeToday488
489,Seismic activity reported in {location}. Prepare for potential evacuations! #disasterPreparedness,@geoNews489
490,"Residents of {location}, remain indoors until the situation stabilizes! #StayAlert",@quakeAlert490
491,Tremors felt in {location}. Ensure your children know safety protocols! #earthquakeAwareness,@quakeWatcher491
492,Reports confirm shaking in {location}. Stay calm and check for injuries! #quakeAlert,@earthquakeToday492
493,Ground shaking detected in {location}. Have a flashlight and batteries ready! #disasterPreparedness,@geoExpert493
494,Tremors reported in {location}. Stay informed through official updates! #StaySafe,@quakeNews494
495,Earthquake activity near {location}. Check in with neighbors to ensure their safety! #earthquakeRescue,@earthquakeAlert495
496,Shaking reported in {location}. Follow safety guidelines and stay cautious! #disasterAlert,@geoUpdates496
497,Tremors in {location}. Have an emergency exit plan ready at work and home! #quakeAlert,@quakeRescue497
498,Reports of significant shaking in {location}. Look out for fallen debris! #earthquake,@earthquakeToday498
499,Seismic disturbances noted in {location}. Stay tuned for alerts and updates! #disasterAlert,@geoNews499
500,"Residents of {location}, prioritize your safety and help others in need! #StayAlert",@quakeAlert500
501,Tremors felt in {location}. Stay vigilant and check on your loved ones! #earthquakePreparedness,@quakeWatcher501
502,Strong shaking reported in {location}. Make sure you have an emergency plan! #quakeAlert,@earthquakeToday502
503,Aftershocks may occur in {location}. Keep a battery-powered radio handy! #disasterReady,@geoExpert503
504,"Residents of {location}, stay indoors and away from windows! #StaySafe",@quakeNews504
505,Earthquake detected near {location}. Follow local authorities for safety updates! #earthquakeRescue,@earthquakeAlert505
506,"Tremors felt in {location}. If you’re driving, pull over to a safe location! #disasterAlert",@geoUpdates506
507,Significant shaking reported in {location}. Remember to stay low and protect your head! #quakeAlert,@quakeRescue507
508,Aftershocks expected in {location}. Ensure your emergency supplies are stocked! #earthquakeSafety,@earthquakeToday508
509,Seismic activity reported in {location}. Discuss emergency procedures with family! #disasterPreparedness,@geoNews509
510,"Residents of {location}, stay updated through local news and community channels! #StayAlert",@quakeAlert510
511,Tremors felt in {location}. Make sure your pets are safe and calm! #earthquakeAwareness,@quakeWatcher511
512,Reports confirm shaking in {location}. Help those who might need assistance! #quakeAlert,@earthquakeToday512
513,Ground shaking detected in {location}. Keep your emergency kit accessible! #disasterPreparedness,@geoExpert513
514,Tremors reported in {location}. Review your emergency contact list! #StaySafe,@quakeNews514
515,Earthquake activity near {location}. Ensure your family knows how to react! #earthquakeRescue,@earthquakeAlert515
516,Shaking reported in {location}. Stay cautious and monitor your surroundings! #disasterAlert,@geoUpdates516
517,Tremors in {location}. Prepare for potential disruptions in services! #quakeAlert,@quakeRescue517
518,Reports of significant shaking in {location}. Stay connected with neighbors! #earthquake,@earthquakeToday518
519,Seismic disturbances noted in {location}. Know the locations of safe spots in your home! #disasterAlert,@geoNews519
520,"Residents of {location}, support one another and check for injuries! #StayAlert",@quakeAlert520
521,Tremors felt in {location}. Remain calm and take necessary precautions! #earthquakePreparedness,@quakeWatcher521
522,Strong shaking reported in {location}. Make sure your family knows safety procedures! #quakeAlert,@earthquakeToday522
523,Aftershocks may occur in {location}. Have a flashlight ready in case of power outages! #disasterReady,@geoExpert523
524,"Residents of {location}, check on elderly neighbors to ensure they are safe! #StaySafe",@quakeNews524
525,Earthquake detected near {location}. Stay informed through emergency services! #earthquakeRescue,@earthquakeAlert525
526,Tremors felt in {location}. Move away from heavy furniture and stay safe! #disasterAlert,@geoUpdates526
527,Significant shaking reported in {location}. Follow your emergency action plan! #quakeAlert,@quakeRescue527
528,Aftershocks expected in {location}. Check your first aid kit and supplies! #earthquakeSafety,@earthquakeToday528
529,Seismic activity reported in {location}. Stay aware of your surroundings! #disasterPreparedness,@geoNews529
530,"Residents of {location}, remain indoors and listen for further updates! #StayAlert",@quakeAlert530
531,Tremors felt in {location}. Secure your pets and keep them calm! #earthquakeAwareness,@quakeWatcher531
532,Reports confirm shaking in {location}. Stay safe and check your surroundings for hazards! #quakeAlert,@earthquakeToday532
533,Ground shaking detected in {location}. Be ready for potential evacuation! #disasterPreparedness,@geoExpert533
534,Tremors reported in {location}. Make sure to have a communication plan with family! #StaySafe,@quakeNews534
535,Earthquake activity near {location}. Prepare for possible service disruptions! #earthquakeRescue,@earthquakeAlert535
536,Shaking reported in {location}. Monitor local news for updates and instructions! #disasterAlert,@geoUpdates536
537,Tremors in {location}. Ensure your emergency kit is easily accessible! #quakeAlert,@quakeRescue537
538,Reports of significant shaking in {location}. Help others if it’s safe to do so! #earthquake,@earthquakeToday538
539,Seismic disturbances noted in {location}. Stay indoors and keep away from windows! #disasterAlert,@geoNews539
540,"Residents of {location}, stay alert and be prepared for aftershocks! #StayAlert",@quakeAlert540
541,Tremors felt in {location}. Gather your family and review safety protocols! #earthquakePreparedness,@quakeWatcher541
542,Strong shaking reported in {location}. Keep your phone charged for updates! #quakeAlert,@earthquakeToday542
543,Aftershocks may occur in {location}. Know your nearest exit routes! #disasterReady,@geoExpert543
544,"Residents of {location}, check your emergency supplies and stay indoors! #StaySafe",@quakeNews544
545,Earthquake detected near {location}. Stay connected with neighbors for safety! #earthquakeRescue,@earthquakeAlert545
546,"Tremors felt in {location}. If you're outdoors, find an open space away from buildings! #disasterAlert",@geoUpdates546
547,Significant shaking reported in {location}. Remember to duck and cover! #quakeAlert,@quakeRescue547
548,Aftershocks expected in {location}. Keep essential documents in a safe place! #earthquakeSafety,@earthquakeToday548
549,Seismic activity reported in {location}. Have a plan for reuniting with family! #disasterPreparedness,@geoNews549
550,"Residents of {location}, avoid using elevators and stay on lower floors! #StayAlert",@quakeAlert550
551,Tremors felt in {location}. Encourage friends and family to check in on each other! #earthquakeAwareness,@quakeWatcher551
552,Reports confirm shaking in {location}. Be mindful of aftershocks and stay prepared! #quakeAlert,@earthquakeToday552
553,Ground shaking detected in {location}. Ensure your children know what to do! #disasterPreparedness,@geoExpert553
554,Tremors reported in {location}. Follow local authorities for instructions and updates! #StaySafe,@quakeNews554
555,Earthquake activity near {location}. Ensure your vehicle is ready for possible evacuation! #earthquakeRescue,@earthquakeAlert555
556,Shaking reported in {location}. Take a moment to secure loose items in your home! #disasterAlert,@geoUpdates556
557,Tremors in {location}. Have a backup plan for communication with loved ones! #quakeAlert,@quakeRescue557
558,Reports of significant shaking in {location}. Check on pets and keep them calm! #earthquake,@earthquakeToday558
559,Seismic disturbances noted in {location}. Have a safe spot identified in your home! #disasterAlert,@geoNews559
560,"Residents of {location}, take care and stay informed through community resources! #StayAlert",@quakeAlert560
561,Tremors felt in {location}. Remind your family to stay low and stay safe! #earthquakePreparedness,@quakeWatcher561
562,Strong shaking reported in {location}. Review your emergency exit routes! #quakeAlert,@earthquakeToday562
563,Aftershocks may follow in {location}. Keep your emergency kit within reach! #disasterReady,@geoExpert563
564,"Residents of {location}, make sure to check on your neighbors after the shaking! #StaySafe",@quakeNews564
565,Earthquake detected near {location}. Follow the guidance of local authorities! #earthquakeRescue,@earthquakeAlert565
566,"Tremors felt in {location}. If you're in a high-rise, move to a lower floor! #disasterAlert",@geoUpdates566
567,Significant shaking reported in {location}. Stay aware of your surroundings and hazards! #quakeAlert,@quakeRescue567
568,Aftershocks expected in {location}. Check your supplies and stay updated! #earthquakeSafety,@earthquakeToday568
569,Seismic activity reported in {location}. Know how to turn off utilities if necessary! #disasterPreparedness,@geoNews569
570,"Residents of {location}, remain indoors until it's safe to go outside! #StayAlert",@quakeAlert570
571,Tremors felt in {location}. Encourage those around you to stay calm and prepared! #earthquakeAwareness,@quakeWatcher571
572,Reports confirm shaking in {location}. Make sure everyone knows the safety protocols! #quakeAlert,@earthquakeToday572
573,Ground shaking detected in {location}. Ensure your emergency contacts are updated! #disasterPreparedness,@geoExpert573
574,Tremors reported in {location}. Gather your family and discuss safety plans! #StaySafe,@quakeNews574
575,Earthquake activity near {location}. Have your first aid kit ready for emergencies! #earthquakeRescue,@earthquakeAlert575
576,Shaking reported in {location}. Stay in a safe area and avoid risky locations! #disasterAlert,@geoUpdates576
577,Tremors in {location}. Stay informed through community alerts and news updates! #quakeAlert,@quakeRescue577
578,Reports of significant shaking in {location}. Help those in need if it's safe! #earthquake,@earthquakeToday578
579,Seismic disturbances noted in {location}. Be prepared for possible disruptions! #disasterAlert,@geoNews579
580,"Residents of {location}, stay aware and be ready for further instructions! #StayAlert",@quakeAlert580
581,Tremors felt in {location}. Stay indoors and check for any damage! #earthquakePreparedness,@quakeWatcher581
582,Strong shaking reported in {location}. Secure your pets and stay calm! #quakeAlert,@earthquakeToday582
583,Aftershocks may occur in {location}. Ensure you have a battery-operated radio! #disasterReady,@geoExpert583
584,"Residents of {location}, keep a list of emergency contacts handy! #StaySafe",@quakeNews584
585,Earthquake detected near {location}. Review your family emergency plan today! #earthquakeRescue,@earthquakeAlert585
586,Tremors felt in {location}. Stay away from glass and heavy furniture! #disasterAlert,@geoUpdates586
587,Significant shaking reported in {location}. Stay alert and listen for updates! #quakeAlert,@quakeRescue587
588,Aftershocks expected in {location}. Have your evacuation plan ready to go! #earthquakeSafety,@earthquakeToday588
589,Seismic activity reported in {location}. Check your emergency kit for essentials! #disasterPreparedness,@geoNews589
590,"Residents of {location}, maintain communication with loved ones during this time! #StayAlert",@quakeAlert590
591,Tremors felt in {location}. Ensure you know how to turn off gas and electricity safely! #earthquakeAwareness,@quakeWatcher591
592,Reports confirm shaking in {location}. Make sure to help those who may be injured! #quakeAlert,@earthquakeToday592
593,Ground shaking detected in {location}. Stay low and protect your head and neck! #disasterPreparedness,@geoExpert593
594,Tremors reported in {location}. Gather important documents in case of evacuation! #StaySafe,@quakeNews594
595,Earthquake activity near {location}. Stay updated with local news channels! #earthquakeRescue,@earthquakeAlert595
596,Shaking reported in {location}. Practice your emergency drills with family! #disasterAlert,@geoUpdates596
597,Tremors in {location}. Be prepared for potential aftershocks later! #quakeAlert,@quakeRescue597
598,Reports of significant shaking in {location}. Stay informed and calm! #earthquake,@earthquakeToday598
599,Seismic disturbances noted in {location}. Ensure your family has a communication plan! #disasterAlert,@geoNews599
600,"Residents of {location}, stay together and look out for each other! #StayAlert",@quakeAlert600
601,Tremors felt in {location}. Ensure everyone knows the safest spots in your home! #earthquakePreparedness,@quakeWatcher601
602,Strong shaking reported in {location}. Stay alert for further updates from local authorities! #quakeAlert,@earthquakeToday602
603,Aftershocks may occur in {location}. Keep your emergency supplies accessible! #disasterReady,@geoExpert603
604,"Residents of {location}, ensure your children understand what to do during an earthquake! #StaySafe",@quakeNews604
605,Earthquake detected near {location}. Stay indoors and avoid unnecessary travel! #earthquakeRescue,@earthquakeAlert605
606,"Tremors felt in {location}. If you're in bed, stay there and cover your head! #disasterAlert",@geoUpdates606
607,Significant shaking reported in {location}. Keep a flashlight handy for power outages! #quakeAlert,@quakeRescue607
608,Aftershocks expected in {location}. Review your emergency plan with family! #earthquakeSafety,@earthquakeToday608
609,Seismic activity reported in {location}. Keep your mobile devices charged for alerts! #disasterPreparedness,@geoNews609
610,"Residents of {location}, stay connected through community groups for updates! #StayAlert",@quakeAlert610
611,Tremors felt in {location}. Remind others to stay calm and avoid panic! #earthquakeAwareness,@quakeWatcher611
612,Reports confirm shaking in {location}. Gather important items in case of evacuation! #quakeAlert,@earthquakeToday612
613,Ground shaking detected in {location}. Stay low and move to an interior wall! #disasterPreparedness,@geoExpert613
614,Tremors reported in {location}. Ensure you have a list of emergency contacts ready! #StaySafe,@quakeNews614
615,Earthquake activity near {location}. Secure heavy furniture and appliances! #earthquakeRescue,@earthquakeAlert615
616,Shaking reported in {location}. Stay informed about potential aftershocks! #disasterAlert,@geoUpdates616
617,Tremors in {location}. Prepare your family for possible disruptions to services! #quakeAlert,@quakeRescue617
618,Reports of significant shaking in {location}. Follow local news for safety tips! #earthquake,@earthquakeToday618
619,Seismic disturbances noted in {location}. Help those around you stay safe! #disasterAlert,@geoNews619
620,"Residents of {location}, check in on the elderly and those who need assistance! #StayAlert",@quakeAlert620
621,Tremors felt in {location}. Stay alert and monitor local news for updates! #earthquakePreparedness,@quakeWatcher621
622,Strong shaking reported in {location}. Ensure you have a first aid kit accessible! #quakeAlert,@earthquakeToday622
623,Aftershocks may occur in {location}. Keep your phone charged for emergency notifications! #disasterReady,@geoExpert623
624,"Residents of {location}, talk to your family about emergency plans today! #StaySafe",@quakeNews624
625,Earthquake detected near {location}. Avoid crowded places and seek shelter! #earthquakeRescue,@earthquakeAlert625
626,"Tremors felt in {location}. If you're driving, pull over and stay inside the vehicle! #disasterAlert",@geoUpdates626
627,"Significant shaking reported in {location}. Know the safest places to drop, cover, and hold on! #quakeAlert",@quakeRescue627
628,Aftershocks expected in {location}. Keep your emergency supplies stocked and ready! #earthquakeSafety,@earthquakeToday628
629,Seismic activity reported in {location}. Have a backup plan for food and water supplies! #disasterPreparedness,@geoNews629
630,"Residents of {location}, check on neighbors who may need assistance after the quake! #StayAlert",@quakeAlert630
631,Tremors felt in {location}. Make sure to stay informed through trusted sources! #earthquakeAwareness,@quakeWatcher631
632,Reports confirm shaking in {location}. Gather essential documents in a safe place! #quakeAlert,@earthquakeToday632
633,Ground shaking detected in {location}. Avoid using elevators during aftershocks! #disasterPreparedness,@geoExpert633
634,Tremors reported in {location}. Plan to meet family in a designated safe location! #StaySafe,@quakeNews634
635,Earthquake activity near {location}. Review your insurance policies and coverage! #earthquakeRescue,@earthquakeAlert635
636,Shaking reported in {location}. Remind children to drop and cover during tremors! #disasterAlert,@geoUpdates636
637,Tremors in {location}. Be cautious of potential landslides or rockfalls! #quakeAlert,@quakeRescue637
638,Reports of significant shaking in {location}. Help those around you who may be scared! #earthquake,@earthquakeToday638
639,Seismic disturbances noted in {location}. Stay aware of changing conditions in your area! #disasterAlert,@geoNews639
640,"Residents of {location}, keep a radio handy for emergency broadcasts! #StayAlert",@quakeAlert640
641,Tremors felt in {location}. Prepare for possible power outages and have flashlights ready! #earthquakePreparedness,@quakeWatcher641
642,Strong shaking reported in {location}. Ensure your pets are safe and secure! #quakeAlert,@earthquakeToday642
643,Aftershocks may occur in {location}. Stay tuned for updates from local authorities! #disasterReady,@geoExpert643
644,"Residents of {location}, check your emergency kits and ensure they are stocked! #StaySafe",@quakeNews644
645,Earthquake detected near {location}. Stay calm and assist those who may need help! #earthquakeRescue,@earthquakeAlert645
646,Tremors felt in {location}. Remember to stay away from windows during shaking! #disasterAlert,@geoUpdates646
647,Significant shaking reported in {location}. Review your family’s evacuation plan! #quakeAlert,@quakeRescue647
648,Aftershocks expected in {location}. Maintain communication with family members! #earthquakeSafety,@earthquakeToday648
649,Seismic activity reported in {location}. Be ready to help neighbors who may be affected! #disasterPreparedness,@geoNews649
650,"Residents of {location}, keep your emergency contact list updated and accessible! #StayAlert",@quakeAlert650
651,Tremors felt in {location}. Secure your home and be aware of potential hazards! #earthquakeAwareness,@quakeWatcher651
652,Reports confirm shaking in {location}. Know where to find your fire extinguisher! #quakeAlert,@earthquakeToday652
653,Ground shaking detected in {location}. Keep emergency supplies in an easily reachable spot! #disasterPreparedness,@geoExpert653
654,"Tremors reported in {location}. Make sure your family knows how to drop, cover, and hold on! #StaySafe",@quakeNews654
655,Earthquake activity near {location}. Plan for possible interruptions to services! #earthquakeRescue,@earthquakeAlert655
656,Shaking reported in {location}. Help those around you stay calm and collected! #disasterAlert,@geoUpdates656
657,Tremors in {location}. Stay away from heavy furniture that could tip over! #quakeAlert,@quakeRescue657
658,Reports of significant shaking in {location}. Follow guidance from emergency services! #earthquake,@earthquakeToday658
659,Seismic disturbances noted in {location}. Gather with your family in a safe area! #disasterAlert,@geoNews659
660,"Residents of {location}, stay informed through reliable sources and community alerts! #StayAlert",@quakeAlert660
661,Tremors felt in {location}. Stay indoors until the shaking stops! #earthquakePreparedness,@quakeWatcher661
662,Strong shaking reported in {location}. Keep your phone charged for emergency alerts! #quakeAlert,@earthquakeToday662
663,Aftershocks may occur in {location}. Have a plan for communication with your family! #disasterReady,@geoExpert663
664,"Residents of {location}, review your emergency evacuation routes today! #StaySafe",@quakeNews664
665,Earthquake detected near {location}. Stay calm and assess your surroundings! #earthquakeRescue,@earthquakeAlert665
666,Tremors felt in {location}. Secure important documents and keep them safe! #disasterAlert,@geoUpdates666
667,Significant shaking reported in {location}. Remember to stay low and cover your head! #quakeAlert,@quakeRescue667
668,Aftershocks expected in {location}. Help your neighbors stay informed about safety measures! #earthquakeSafety,@earthquakeToday668
669,Seismic activity reported in {location}. Be mindful of road conditions if traveling! #disasterPreparedness,@geoNews669
670,"Residents of {location}, prepare a go-bag with essentials in case of evacuation! #StayAlert",@quakeAlert670
671,"Tremors felt in {location}. If you’re outside, move to an open area away from buildings! #earthquakeAwareness",@quakeWatcher671
672,Reports confirm shaking in {location}. Monitor local channels for updates! #quakeAlert,@earthquakeToday672
673,Ground shaking detected in {location}. Be ready to respond to any emergency situation! #disasterPreparedness,@geoExpert673
674,Tremors reported in {location}. Stay away from anything that could fall during shaking! #StaySafe,@quakeNews674
675,Earthquake activity near {location}. Check your emergency supplies and restock if needed! #earthquakeRescue,@earthquakeAlert675
676,Shaking reported in {location}. Stay connected with family through group chats! #disasterAlert,@geoUpdates676
677,Tremors in {location}. Practice your emergency plan with your family regularly! #quakeAlert,@quakeRescue677
678,Reports of significant shaking in {location}. Be prepared for aftershocks and stay vigilant! #earthquake,@earthquakeToday678
679,Seismic disturbances noted in {location}. Keep a battery-powered radio handy for news updates! #disasterAlert,@geoNews679
680,"Residents of {location}, organize community drills to prepare for earthquakes! #StayAlert",@quakeAlert680
681,Tremors felt in {location}. Review your safety protocols and stay vigilant! #earthquakePreparedness,@quakeWatcher681
682,Strong shaking reported in {location}. Check in with family and friends to ensure their safety! #quakeAlert,@earthquakeToday682
683,Aftershocks may occur in {location=. Have a list of emergency contacts ready! #disasterReady,@geoExpert683
684,"Residents of {location}, ensure your emergency kits are accessible and ready! #StaySafe",@quakeNews684
685,Earthquake detected near {location}. Stay informed through official sources! #earthquakeRescue,@earthquakeAlert685
686,Tremors felt in {location}. Move away from heavy furniture that could topple! #disasterAlert,@geoUpdates686
687,Significant shaking reported in {location}. Remember to have a backup power source ready! #quakeAlert,@quakeRescue687
688,Aftershocks expected in {location}. Gather your loved ones and discuss your plan! #earthquakeSafety,@earthquakeToday688
689,Seismic activity reported in {location}. Stay clear of windows during tremors! #disasterPreparedness,@geoNews689
690,"Residents of {location}, consider forming a neighborhood watch for emergencies! #StayAlert",@quakeAlert690
691,"Tremors felt in {location}. Practice your drop, cover, and hold on technique regularly! #earthquakeAwareness",@quakeWatcher691
692,Reports confirm shaking in {location}. Keep your emergency contacts updated! #quakeAlert,@earthquakeToday692
693,Ground shaking detected in {location}. Discuss your evacuation routes with family members! #disasterPreparedness,@geoExpert693
694,Tremors reported in {location}. Help neighbors who may need assistance during this time! #StaySafe,@quakeNews694
695,Earthquake activity near {location}. Check your smoke detectors and emergency alarms! #earthquakeRescue,@earthquakeAlert695
696,Shaking reported in {location}. Be aware of your surroundings and stay calm! #disasterAlert,@geoUpdates696
697,Tremors in {location}. Stock up on non-perishable food and water supplies! #quakeAlert,@quakeRescue697
698,Reports of significant shaking in {location}. Create a family communication plan for emergencies! #earthquake,@earthquakeToday698
699,Seismic disturbances noted in {location}. Keep a fire extinguisher handy in case of emergencies! #disasterAlert,@geoNews699
700,"Residents of {location}, hold regular community meetings to discuss emergency preparedness! #StayAlert",@quakeAlert700
701,Tremors felt in {location}. Stay informed and check local news for updates! #earthquakePreparedness,@quakeWatcher701
702,Strong shaking reported in {location}. Check your first aid supplies and be ready! #quakeAlert,@earthquakeToday702
703,Aftershocks may occur in {location}. Have a plan for where to meet your family! #disasterReady,@geoExpert703
704,"Residents of {location}, ensure your vehicles are fueled and ready for evacuation! #StaySafe",@quakeNews704
705,Earthquake detected near {location}. Stay close to loved ones and support each other! #earthquakeRescue,@earthquakeAlert705
706,Tremors felt in {location}. Avoid using elevators during an earthquake! #disasterAlert,@geoUpdates706
707,Significant shaking reported in {location}. Stay updated through social media alerts! #quakeAlert,@quakeRescue707
708,Aftershocks expected in {location}. Maintain a clear exit path in your home! #earthquakeSafety,@earthquakeToday708
709,Seismic activity reported in {location}. Gather emergency supplies and check their expiration dates! #disasterPreparedness,@geoNews709
710,"Residents of {location}, have a designated meeting place outside your home! #StayAlert",@quakeAlert710
711,Tremors felt in {location}. Encourage neighbors to stay alert and communicate! #earthquakeAwareness,@quakeWatcher711
712,Reports confirm shaking in {location}. Prepare to assist those with special needs! #quakeAlert,@earthquakeToday712
713,Ground shaking detected in {location}. Discuss your family's emergency plan regularly! #disasterPreparedness,@geoExpert713
714,Tremors reported in {location}. Encourage everyone to stay calm and collected! #StaySafe,@quakeNews714
715,Earthquake activity near {location}. Be mindful of potential road hazards! #earthquakeRescue,@earthquakeAlert715
716,Shaking reported in {location}. Ensure your children know what to do during an earthquake! #disasterAlert,@geoUpdates716
717,Tremors in {location}. Familiarize yourself with the nearest emergency shelters! #quakeAlert,@quakeRescue717
718,Reports of significant shaking in {location}. Keep your pets secured during tremors! #earthquake,@earthquakeToday718
719,Seismic disturbances noted in {location}. Follow local authorities for guidance! #disasterAlert,@geoNews719
720,"Residents of {location}, participate in local disaster drills to stay prepared! #StayAlert",@quakeAlert720
721,Tremors felt in {location}. Ensure your emergency kits are well-stocked! #earthquakePreparedness,@quakeWatcher721
722,Strong shaking reported in {location}. Be alert for potential aftershocks! #quakeAlert,@earthquakeToday722
723,Aftershocks may occur in {location}. Review your family's emergency plan! #disasterReady,@geoExpert723
724,"Residents of {location}, check in with elderly neighbors to ensure their safety! #StaySafe",@quakeNews724
725,Earthquake detected near {location}. Stay tuned for updates from local authorities! #earthquakeRescue,@earthquakeAlert725
726,Tremors felt in {location}. Keep your emergency contacts easily accessible! #disasterAlert,@geoUpdates726
727,Significant shaking reported in {location}. Have a flashlight ready in case of power outages! #quakeAlert,@quakeRescue727
728,Aftershocks expected in {location}. Stay away from buildings that may be unstable! #earthquakeSafety,@earthquakeToday728
729,Seismic activity reported in {location}. Keep your phone charged for emergency notifications! #disasterPreparedness,@geoNews729
730,"Residents of {location}, prepare a checklist of items to grab in case of evacuation! #StayAlert",@quakeAlert730
731,Tremors felt in {location}. Review your home’s structural safety features! #earthquakeAwareness,@quakeWatcher731
732,Reports confirm shaking in {location}. Make sure your family knows the emergency plan! #quakeAlert,@earthquakeToday732
733,Ground shaking detected in {location}. Communicate your whereabouts with loved ones! #disasterPreparedness,@geoExpert733
734,Tremors reported in {location}. Stay clear of heavy furniture and hanging objects! #StaySafe,@quakeNews734
735,Earthquake activity near {location}. Check that your smoke detectors are functioning! #earthquakeRescue,@earthquakeAlert735
736,Shaking reported in {location}. Stay low and cover your head during tremors! #disasterAlert,@geoUpdates736
737,Tremors in {location}. Encourage local businesses to promote emergency preparedness! #quakeAlert,@quakeRescue737
738,Reports of significant shaking in {location}. Review community resources for disaster response! #earthquake,@earthquakeToday738
739,Seismic disturbances noted in {location}. Share your safety tips with friends and family! #disasterAlert,@geoNews739
740,"Residents of {location}, create a buddy system to check on each other during emergencies! #StayAlert",@quakeAlert740
741,Tremors felt in {location}. Make sure your family has a communication plan! #earthquakePreparedness,@quakeWatcher741
742,Strong shaking reported in {location}. Store essential supplies in an easily accessible place! #quakeAlert,@earthquakeToday742
743,Aftershocks may occur in {location}. Ensure everyone knows their safe spots! #disasterReady,@geoExpert743
744,"Residents of {location}, double-check your emergency kits for expired items! #StaySafe",@quakeNews744
745,Earthquake detected near {location}. Stay informed and follow local emergency updates! #earthquakeRescue,@earthquakeAlert745
746,Tremors felt in {location}. Have a backup plan for communication in case of phone outages! #disasterAlert,@geoUpdates746
747,Significant shaking reported in {location}. Gather important documents in a safe place! #quakeAlert,@quakeRescue747
748,Aftershocks expected in {location}. Discuss your neighborhood's emergency response plan! #earthquakeSafety,@earthquakeToday748
749,Seismic activity reported in {location}. Keep a portable charger handy for emergencies! #disasterPreparedness,@geoNews749
750,"Residents of {location}, plan regular drills to practice your emergency procedures! #StayAlert",@quakeAlert750
751,Tremors felt in {location}. Encourage your community to participate in preparedness training! #earthquakeAwareness,@quakeWatcher751
752,Reports confirm shaking in {location}. Ensure children know how to respond during quakes! #quakeAlert,@earthquakeToday752
753,Ground shaking detected in {location}. Check your home for potential hazards! #disasterPreparedness,@geoExpert753
754,Tremors reported in {location}. Keep a list of nearby shelters and their contact info! #StaySafe,@quakeNews754
755,Earthquake activity near {location}. Review safety procedures for school-aged children! #earthquakeRescue,@earthquakeAlert755
756,Shaking reported in {location}. Remind everyone to stay calm and follow safety protocols! #disasterAlert,@geoUpdates756
757,Tremors in {location}. Organize community gatherings to discuss disaster preparedness! #quakeAlert,@quakeRescue757
758,Reports of significant shaking in {location}. Share resources about earthquake safety online! #earthquake,@earthquakeToday758
759,Seismic disturbances noted in {location}. Encourage families to create a disaster plan together! #disasterAlert,@geoNews759
760,"Residents of {location}, check local resources for emergency assistance programs! #StayAlert",@quakeAlert760
